id,url
nca_042,https://www.cem.va.gov/cems/lots/baxtersprings.asp
nca_054,https://www.cem.va.gov/cems/lots/congressional.asp
nca_055,https://www.cem.va.gov/cems/lots/evergreen.asp
nca_058,https://www.cem.va.gov/cems/lots/forestlawn.asp
nca_059,https://www.cem.va.gov/cems/lots/fort_crawford.asp
nca_061,https://www.cem.va.gov/cems/lots/green_mount.asp
nca_062,https://www.cem.va.gov/cems/lots/lakeside.asp
nca_063,https://www.cem.va.gov/cems/lots/mound.asp
nca_064,https://www.cem.va.gov/cems/lots/moundcity.asp
nca_065,https://www.cem.va.gov/cems/lots/mountmoriah.asp
nca_066,https://www.cem.va.gov/cems/lots/mountmoriah_Naval.asp
nca_067,https://www.cem.va.gov/cems/lots/mountpleasant.asp
nca_068,https://www.cem.va.gov/cems/lots/oakdale.asp
nca_069,https://www.cem.va.gov/cems/lots/prospecthill_pa.asp
nca_070,https://www.cem.va.gov/cems/lots/prospecthill_vt.asp
nca_071,https://www.cem.va.gov/cems/lots/woodland.asp
nca_072,https://www.cem.va.gov/cems/lots/woodlawn.asp
nca_073,https://www.cem.va.gov/cems/lots/confederate_mound.asp
nca_074,https://www.cem.va.gov/cems/lots/crownhill.asp
nca_075,https://www.cem.va.gov/cems/lots/campchase.asp
nca_076,https://www.cem.va.gov/cems/lots/confederate_stockade.asp
nca_077,https://www.cem.va.gov/cems/lots/north_alton.asp
nca_078,https://www.cem.va.gov/cems/lots/point_lookout.asp
nca_079,https://www.cem.va.gov/cems/lots/rockisland_confed.asp
nca_080,https://www.cem.va.gov/cems/lots/union_confed.asp
nca_081,https://www.cem.va.gov/cems/lots/woodlawn_monument.asp
nca_082,https://www.cem.va.gov/cems/lots/fort_mackinac.asp
nca_083,https://www.cem.va.gov/cems/lots/fort_winnebago.asp
nca_088,https://www.cem.va.gov/cems/lots/albany_rural.asp
nca_120,https://www.cem.va.gov/cems/lots/allegheny.asp
nca_121,https://www.cem.va.gov/cems/lots/ashland.asp
nca_122,https://www.cem.va.gov/cems/lots/forest_home.asp
nca_123,https://www.cem.va.gov/cems/lots/forest_hill.asp
nca_800,https://www.cem.va.gov/cems/nchp/alton.asp
nca_801,https://www.cem.va.gov/cems/nchp/annapolis.asp
nca_802,https://www.cem.va.gov/cems/nchp/baltimore.asp
nca_803,https://www.cem.va.gov/cems/nchp/bath.asp
nca_804,https://www.cem.va.gov/cems/nchp/beverly.asp
nca_805,https://www.cem.va.gov/cems/nchp/calverton.asp
nca_806,https://www.cem.va.gov/cems/nchp/campbutler.asp
nca_807,https://www.cem.va.gov/cems/nchp/crownhill.asp
nca_808,https://www.cem.va.gov/cems/nchp/cypresshills.asp
nca_809,https://www.cem.va.gov/cems/nchp/danvilleil.asp
nca_810,https://www.cem.va.gov/cems/nchp/dayton.asp
nca_811,https://www.cem.va.gov/cems/nchp/finnspoint.asp
nca_812,https://www.cem.va.gov/cems/nchp/grafton.asp
nca_813,https://www.cem.va.gov/cems/nchp/indiantowngap.asp
nca_814,https://www.cem.va.gov/cems/nchp/keokuk.asp
nca_815,https://www.cem.va.gov/cems/nchp/longisland.asp
nca_816,https://www.cem.va.gov/cems/nchp/loudonpark.asp
nca_817,https://www.cem.va.gov/cems/nchp/marion.asp
nca_818,https://www.cem.va.gov/cems/nchp/massachusetts.asp
nca_819,https://www.cem.va.gov/cems/nchp/philadelphia.asp
nca_820,https://www.cem.va.gov/cems/nchp/quincy.asp
nca_821,https://www.cem.va.gov/cems/nchp/rockisland.asp
nca_822,https://www.cem.va.gov/cems/nchp/togus.asp
nca_823,https://www.cem.va.gov/cems/nchp/wood.asp
nca_824,https://www.cem.va.gov/cems/nchp/woodlawn.asp
nca_825,https://www.cem.va.gov/cems/nchp/alexandriala.asp
nca_826,https://www.cem.va.gov/cems/nchp/alexandriava.asp
nca_827,https://www.cem.va.gov/cems/nchp/ballsbluff.asp
nca_828,https://www.cem.va.gov/cems/nchp/barrancas.asp
nca_829,https://www.cem.va.gov/cems/nchp/batonrouge.asp
nca_830,https://www.cem.va.gov/cems/nchp/baypines.asp
nca_831,https://www.cem.va.gov/cems/nchp/beaufort.asp
nca_832,https://www.cem.va.gov/cems/nchp/biloxi.asp
nca_833,https://www.cem.va.gov/cems/nchp/campnelson.asp
nca_834,https://www.cem.va.gov/cems/nchp/cavehill.asp
nca_835,https://www.cem.va.gov/cems/nchp/chattanooga.asp
nca_836,https://www.cem.va.gov/cems/nchp/citypoint.asp
nca_837,https://www.cem.va.gov/cems/nchp/coldharbor.asp
nca_838,https://www.cem.va.gov/cems/nchp/corinth.asp
nca_839,https://www.cem.va.gov/cems/nchp/culpeper.asp
nca_840,https://www.cem.va.gov/cems/nchp/danvilleky.asp
nca_841,https://www.cem.va.gov/cems/nchp/danvilleva.asp
nca_842,https://www.cem.va.gov/cems/nchp/fayetteville.asp
nca_843,https://www.cem.va.gov/cems/nchp/florence.asp
nca_844,https://www.cem.va.gov/cems/nchp/ftgibson.asp
nca_845,https://www.cem.va.gov/cems/nchp/ftharrison.asp
nca_846,https://www.cem.va.gov/cems/nchp/ftsamhouston.asp
nca_847,https://www.cem.va.gov/cems/nchp/ftsmith.asp
nca_848,https://www.cem.va.gov/cems/nchp/glendale.asp
nca_849,https://www.cem.va.gov/cems/nchp/hampton.asp
nca_850,https://www.cem.va.gov/cems/nchp/hamptonvamc.asp
nca_851,https://www.cem.va.gov/cems/nchp/houston.asp
nca_852,https://www.cem.va.gov/cems/nchp/jeffersonbarracks.asp
nca_853,https://www.cem.va.gov/cems/nchp/jeffersoncity.asp
nca_854,https://www.cem.va.gov/cems/nchp/kerrville.asp
nca_855,https://www.cem.va.gov/cems/nchp/knoxville.asp
nca_856,https://www.cem.va.gov/cems/nchp/lebanon.asp
nca_857,https://www.cem.va.gov/cems/nchp/lexington.asp
nca_858,https://www.cem.va.gov/cems/nchp/littlerock.asp
nca_859,https://www.cem.va.gov/cems/nchp/marietta.asp
nca_860,https://www.cem.va.gov/cems/nchp/memphis.asp
nca_861,https://www.cem.va.gov/cems/nchp/millsprings.asp
nca_862,https://www.cem.va.gov/cems/nchp/mobile.asp
nca_863,https://www.cem.va.gov/cems/nchp/moundcity.asp
nca_864,https://www.cem.va.gov/cems/nchp/mountainhome.asp
nca_865,https://www.cem.va.gov/cems/nchp/nashville.asp
nca_866,https://www.cem.va.gov/cems/nchp/natchez.asp
nca_867,https://www.cem.va.gov/cems/nchp/newalbany.asp
nca_868,https://www.cem.va.gov/cems/nchp/newbern.asp
nca_870,https://www.cem.va.gov/cems/nchp/porthudson.asp
nca_871,https://www.cem.va.gov/cems/nchp/puertorico.asp
nca_872,https://www.cem.va.gov/cems/nchp/quantico.asp
nca_873,https://www.cem.va.gov/cems/nchp/raleigh.asp
nca_874,https://www.cem.va.gov/cems/nchp/richmond.asp
nca_875,https://www.cem.va.gov/cems/nchp/staugustine.asp
nca_876,https://www.cem.va.gov/cems/nchp/salisbury.asp
nca_877,https://www.cem.va.gov/cems/nchp/sanantonio.asp
nca_878,https://www.cem.va.gov/cems/nchp/sevenpines.asp
nca_879,https://www.cem.va.gov/cems/nchp/springfield.asp
nca_880,https://www.cem.va.gov/cems/nchp/staunton.asp
nca_881,https://www.cem.va.gov/cems/nchp/wilmington.asp
nca_882,https://www.cem.va.gov/cems/nchp/winchester.asp
nca_883,https://www.cem.va.gov/cems/nchp/zacharytaylor.asp
nca_884,https://www.cem.va.gov/cems/nchp/blackhills.asp
nca_885,https://www.cem.va.gov/cems/nchp/ftbayard.asp
nca_886,https://www.cem.va.gov/cems/nchp/ftbliss.asp
nca_887,https://www.cem.va.gov/cems/nchp/ftleavenworth.asp
nca_888,https://www.cem.va.gov/cems/nchp/ftlogan.asp
nca_889,https://www.cem.va.gov/cems/nchp/ftlyon.asp
nca_890,https://www.cem.va.gov/cems/nchp/ftmcpherson.asp
nca_891,https://www.cem.va.gov/cems/nchp/ftmeade.asp
nca_892,https://www.cem.va.gov/cems/nchp/ftrosecrans.asp
nca_893,https://www.cem.va.gov/cems/nchp/ftscott.asp
nca_894,https://www.cem.va.gov/cems/nchp/ftsnelling.asp
nca_895,https://www.cem.va.gov/cems/nchp/goldengate.asp
nca_896,https://www.cem.va.gov/cems/nchp/hotsprings.asp
nca_897,https://www.cem.va.gov/cems/nchp/leavenworth.asp
nca_898,https://www.cem.va.gov/cems/nchp/losangeles.asp
nca_899,https://www.cem.va.gov/cems/nchp/nmcp.asp
nca_900,https://www.cem.va.gov/cems/nchp/prescott.asp
nca_901,https://www.cem.va.gov/cems/nchp/riverside.asp
nca_902,https://www.cem.va.gov/cems/nchp/roseburg.asp
nca_903,https://www.cem.va.gov/cems/nchp/sanfrancisco.asp
nca_904,https://www.cem.va.gov/cems/nchp/santafe.asp
nca_905,https://www.cem.va.gov/cems/nchp/sitka.asp
nca_906,https://www.cem.va.gov/cems/nchp/eaglepoint.asp
nca_907,https://www.cem.va.gov/cems/nchp/willamette.asp
nca_908,https://www.cem.va.gov/cems/nchp/ftmitchell.asp
nca_909,https://www.cem.va.gov/cems/nchp/ftcuster.asp
nca_910,https://www.cem.va.gov/cems/nchp/ftrichardson.asp
nca_911,https://www.cem.va.gov/cems/nchp/florida.asp
nca_912,https://www.cem.va.gov/cems/nchp/westvirginia.asp
nca_913,https://www.cem.va.gov/cems/nchp/sanjoaquinvalley.asp
nca_914,https://www.cem.va.gov/cems/nchp/nmca.asp
nca_915,https://www.cem.va.gov/cems/nchp/abrahamlincoln.asp
nca_916,https://www.cem.va.gov/cems/nchp/dallasftworth.asp
nca_917,https://www.cem.va.gov/cems/nchp/geraldbhsolomonsaratoga.asp
nca_918,https://www.cem.va.gov/cems/nchp/ohiowesternreserve.asp
nca_919,https://www.cem.va.gov/cems/nchp/tahoma.asp
nca_920,https://www.cem.va.gov/cems/nchp/ftsill.asp
nca_921,https://www.cem.va.gov/cems/nchp/sacramento.asp
nca_922,https://www.cem.va.gov/cems/nchp/georgia.asp
nca_923,https://www.cem.va.gov/cems/nchp/greatlakes.asp
nca_924,https://www.cem.va.gov/cems/nchp/southflorida.asp
nca_925,https://www.cem.va.gov/cems/nchp/ncalleghenies.asp
nca_926,https://www.cem.va.gov/cems/nchp/washingtoncrossing.asp
nca_927,https://www.cem.va.gov/cems/nchp/alabama.asp
nca_928,https://www.cem.va.gov/cems/nchp/jacksonville.asp
nca_929,https://www.cem.va.gov/cems/nchp/bakersfield.asp
nca_930,https://www.cem.va.gov/cems/nchp/ftjackson.asp
nca_931,https://www.cem.va.gov/cems/nchp/sarasota.asp
nca_933,https://www.cem.va.gov/cems/nchp/PikesPeak.asp
nca_934,https://www.cem.va.gov/cems/nchp/capecanaveral.asp
nca_935,https://www.cem.va.gov/cems/nchp/omaha.asp
nca_937,https://www.cem.va.gov/cems/nchp/tallahassee.asp
nca_938,https://www.cem.va.gov/cems/nchp/yellowstone.asp
nca_940,https://www.cem.va.gov/cems/nchp/fargo.asp
nca_941,https://www.cem.va.gov/cems/nchp/snakerivercanyon.asp
nca_970,https://www.cem.va.gov/cems/nchp/louisiana.asp
nca_992,https://www.cem.va.gov/cems/nchp/miramar.asp
vba_301,http://www.benefits.va.gov/boston
vba_304,http://www.benefits.va.gov/providence/
vba_306,http://www.benefits.va.gov/newyork/
vba_307,http://www.benefits.va.gov/buffalo
vba_308,http://www.benefits.va.gov/hartford/
vba_309,http://www.benefits.va.gov/newark
vba_310,http://www.benefits.va.gov/philadelphia
vba_311,http://www.benefits.va.gov/pittsburgh
vba_313,http://www.benefits.va.gov/baltimore
vba_314,http://www.benefits.va.gov/roanoke/
vba_315,http://www.benefits.va.gov/huntington
vba_316,http://www.benefits.va.gov/atlanta/
vba_317,http://www.benefits.va.gov/stpetersburg/
vba_318,http://www.benefits.va.gov/winstonsalem/
vba_319,http://www.benefits.va.gov/Columbia/
vba_320,http://www.benefits.va.gov/nashville/
vba_321,http://www.benefits.va.gov/neworleans/
vba_322,http://www.benefits.va.gov/montgomery/
vba_323,http://www.benefits.va.gov/jackson/
vba_325,http://www.benefits.va.gov/cleveland/
vba_326,http://www.benefits.va.gov/indianapolis/
vba_327,http://www.benefits.va.gov/louisville/
vba_328,http://www.benefits.va.gov/chicago/
vba_329,http://www.benefits.va.gov/detroit/
vba_330,http://www.benefits.va.gov/milwaukee/
vba_331,http://www.benefits.va.gov/stlouis
vba_333,http://www.benefits.va.gov/desmoines/
vba_334,http://www.benefits.va.gov/lincoln
vba_335,http://www.benefits.va.gov/stpaul/
vba_339,http://www.benefits.va.gov/denver
vba_340,http://www.benefits.va.gov/albuquerque
vba_341,http://www.benefits.va.gov/saltlakecity/
vba_343,http://www.benefits.va.gov/oakland/
vba_344,http://www.benefits.va.gov/losangeles/
vba_345,http://www.benefits.va.gov/phoenix/
vba_346,http://www.benefits.va.gov/seattle
vba_347,http://www.benefits.va.gov/boise
vba_348,http://www.benefits.va.gov/portland
vba_349,http://www.benefits.va.gov/waco/
vba_350,http://www.benefits.va.gov/littlerock
vba_351,http://www.benefits.va.gov/muskogee/
vba_354,http://www.benefits.va.gov/reno/
vba_355,http://www.benefits.va.gov/sanjuan/
vba_358,http://www.benefits.va.gov/manila/
vba_362,http://www.benefits.va.gov/houston
vba_372,http://www.benefits.va.gov/washington
vba_373,http://www.benefits.va.gov/manchester/
vba_377,http://www.benefits.va.gov/sandiego/
vba_402,http://www.benefits.va.gov/togus/
vba_405,http://www.benefits.va.gov/whiteriverjunction/
vba_436,http://www.benefits.va.gov/fortharrison/
vba_437,http://www.benefits.va.gov/fargo/
vba_438,http://www.benefits.va.gov/siouxfalls
vba_442,http://www.benefits.va.gov/cheyenne
vba_452,http://www.benefits.va.gov/wichita/
vba_459,http://www.benefits.va.gov/honolulu/
vba_460,http://www.benefits.va.gov/wilmington/
vba_463,http://www.benefits.va.gov/anchorage
vc_0207V,https://www.hampton.va.gov/locations/norfolk.asp
vc_0231V,https://www.beckley.va.gov/locations/beckley_vet_center.asp
vc_0232V,https://www.beckley.va.gov/locations/princeton_vet_center.asp
vc_0315V,https://www.fayettevillenc.va.gov/locations/FayettevilleVetCenter.asp
vc_0326V,https://www.westpalmbeach.va.gov/locations/Palm_Beach_Vet_Center.asp
vc_0337V,https://www.westpalmbeach.va.gov/locations/Jupiter_Vet_Center.asp
vc_0343V,https://www.fayettevillenc.va.gov/locations/JacksonvilleVetCenter.asp
vc_0704V,https://www.shreveport.va.gov/locations/Shreveport_La_Veterans_Service_Ctr.asp
vha_0207V,https://www.hampton.va.gov/locations/norfolk.asp
vha_0231V,https://www.beckley.va.gov/locations/beckley_vet_center.asp
vha_0232V,https://www.beckley.va.gov/locations/princeton_vet_center.asp
vha_0315V,https://www.fayettevillenc.va.gov/locations/FayettevilleVetCenter.asp
vha_0326V,https://www.westpalmbeach.va.gov/locations/Palm_Beach_Vet_Center.asp
vha_0337V,https://www.westpalmbeach.va.gov/locations/Jupiter_Vet_Center.asp
vha_0343V,https://www.fayettevillenc.va.gov/locations/JacksonvilleVetCenter.asp
vha_0704V,https://www.shreveport.va.gov/locations/Shreveport_La_Veterans_Service_Ctr.asp
vha_402,https://www.maine.va.gov/locations/directions.asp
vha_402GA,https://www.maine.va.gov/locations/caribou.asp
vha_402GB,https://www.maine.va.gov/locations/calais.asp
vha_402GC,https://www.maine.va.gov/locations/rumford.asp
vha_402GD,https://www.maine.va.gov/locations/saco.asp
vha_402GE,https://www.maine.va.gov/locations/lewiston_auburn.asp
vha_402GF,https://www.maine.va.gov/locations/lincoln.asp
vha_402HB,https://www.maine.va.gov/locations/bangor.asp
vha_402HC,https://www.maine.va.gov/locations/portland.asp
vha_402HL,https://www.maine.va.gov/locations/Mobile_Medical_Unit.asp
vha_402QA,https://www.maine.va.gov/locations/fort_kent_Access_Point.asp
vha_402QB,https://www.maine.va.gov/locations/houlton.asp
vha_405,https://www.whiteriver.va.gov/locations/directions.asp
vha_405GA,https://www.whiteriver.va.gov/locations/bennington.asp
vha_405GC,https://www.whiteriver.va.gov/locations/brattleboro.asp
vha_405HA,https://www.whiteriver.va.gov/locations/colchester.asp
vha_405HC,https://www.whiteriver.va.gov/locations/littleton.asp
vha_405HE,https://www.whiteriver.va.gov/locations/keene.asp
vha_405HF,https://www.whiteriver.va.gov/locations/rutland.asp
vha_405QB,https://www.whiteriver.va.gov/locations/newport.asp
vha_436,https://www.montana.va.gov/locations/directions.asp
vha_436A4,https://www.montana.va.gov/locations/Miles_City_VA_Community_Based_Outreach_Clinic_Nursing_Home.asp
vha_436GA,https://www.montana.va.gov/locations/Anaconda_VA_Community_Based_Outpatient_Clinic.asp
vha_436GB,https://www.montana.va.gov/locations/Great_Falls_VA_Community_Based_Outpatient_Clinic.asp
vha_436GC,https://www.montana.va.gov/locations/Missoula_VA_Community_Based_Outpatient_Clinic.asp
vha_436GD,https://www.montana.va.gov/locations/Bozeman_VA_Community_Based_Outpatient_Clinic.asp
vha_436GF,https://www.montana.va.gov/locations/Kalispell_VA_Community_Based_Outpatient_Clinic.asp
vha_436GH,https://www.montana.va.gov/locations/Billings_VA_Community_Based_Outpatient_Clinic.asp
vha_436GI,https://www.montana.va.gov/locations/Glasgow_VA_Community_Based_Outpatient_Clinic.asp
vha_436GK,https://www.montana.va.gov/locations/Glendive_VA_Community_Based_Outpatient_Clinic.asp
vha_436GL,https://www.montana.va.gov/locations/Cut_Bank_VA_Community_Based_Outpatient_Clinic.asp
vha_436GM,https://www.montana.va.gov/locations/Lewistown_VA_Community_Based_Outpatient_Clinic.asp
vha_436GN,https://www.montana.va.gov/locations/Dr_Joseph_Medicine_Crow_VA_Clinic.asp
vha_436HC,https://www.montana.va.gov/locations/Havre_VA_Community_Based_Outreach_Clinic.asp
vha_436QA,https://www.montana.va.gov/locations/Hamilton_Primary_Care_Telehealth_Outreach_Clinic.asp
vha_436QB,https://www.montana.va.gov/locations/Plentywood_Primary_Care_Telehealth_Outreach_Clinic.asp
vha_436QC,https://www.montana.va.gov/locations/Helena_VA_Clinic.asp
vha_437,https://www.fargo.va.gov/locations/directions.asp
vha_437GA,https://www.fargo.va.gov/locations/grafton.asp
vha_437GB,https://www.fargo.va.gov/locations/bismarck.asp
vha_437GC,https://www.fargo.va.gov/locations/FergusFalls.asp
vha_437GD,https://www.fargo.va.gov/locations/minot.asp
vha_437GE,https://www.fargo.va.gov/locations/bemidji.asp
vha_437GF,https://www.fargo.va.gov/locations/williston.asp
vha_437GI,https://www.fargo.va.gov/locations/GrandForks.asp
vha_437GJ,https://www.fargo.va.gov/locations/dickinson.asp
vha_437GK,https://www.fargo.va.gov/locations/jamestown.asp
vha_437GL,https://www.fargo.va.gov/locations/DevilsLake.asp
vha_438,https://www.siouxfalls.va.gov/locations/directions.asp
vha_438GA,https://www.siouxfalls.va.gov/locations/SpiritLake.asp
vha_438GC,https://www.siouxfalls.va.gov/locations/SiouxCity.asp
vha_438GD,https://www.siouxfalls.va.gov/locations/aberdeen.asp
vha_438GE,https://www.siouxfalls.va.gov/locations/wagner.asp
vha_438GF,https://www.siouxfalls.va.gov/locations/watertown.asp
vha_442,https://www.cheyenne.va.gov/locations/directions.asp
vha_442GB,https://www.cheyenne.va.gov/locations/Sidney_VA_MSOC.asp
vha_442GC,https://www.cheyenne.va.gov/locations/Fort_Collins_VA_CBOC.asp
vha_442GD,https://www.cheyenne.va.gov/locations/Loveland.asp
vha_442HK,https://www.cheyenne.va.gov/locations/Wheatland_VA_Mobile_Clinic.asp
vha_442QA,https://www.cheyenne.va.gov/locations/Rawlins_VA_PCTOC.asp
vha_442QB,https://www.cheyenne.va.gov/locations/Torrington_VA_Mobile_Clinic.asp
vha_442QD,https://www.cheyenne.va.gov/locations/Laramie.asp
vha_442QE,https://www.cheyenne.va.gov/locations/Sterling_VA_Mobile_Telehealth_Clinic.asp
vha_459,https://www.hawaii.va.gov/locations/directions.asp
vha_459GA,https://www.hawaii.va.gov/locations/Maui.asp
vha_459GB,https://www.hawaii.va.gov/locations/Hilo_Hawaii.asp
vha_459GC,https://www.hawaii.va.gov/locations/Kailua_Kona_Hawaii.asp
vha_459GD,https://www.hawaii.va.gov/locations/Lihue_Kauai.asp
vha_459GE,https://www.hawaii.va.gov/locations/Agana_Heights_Guam.asp
vha_459GF,https://www.hawaii.va.gov/locations/Pago_Pago_American_Samoa.asp
vha_459GG,https://www.hawaii.va.gov/locations/Leeward.asp
vha_459GH,https://www.hawaii.va.gov/locations/saipan.asp
vha_459QA,https://www.hawaii.va.gov/locations/lanai.asp
vha_459QB,https://www.hawaii.va.gov/locations/molokai.asp
vha_460,https://www.wilmington.va.gov/locations/directions.asp
vha_460GA,https://www.wilmington.va.gov/locations/Sussex_County_Community_Based_Outpatient_Clinic.asp
vha_460GC,https://www.wilmington.va.gov/locations/Kent_County_Community_Based_Outpatient_Clinic.asp
vha_460GD,https://www.wilmington.va.gov/locations/Cape_May_County_Community_Based_Outpatient_Clinic.asp
vha_460HE,https://www.wilmington.va.gov/locations/Atlantic_County_Community_Based_Outpatient_Clinic.asp
vha_460HG,https://www.wilmington.va.gov/locations/Cumberland_County_Community_Based_Outpatient_Clinic.asp
vha_463,https://www.alaska.va.gov/locations/directions.asp
???vha_463,https://www.alaska.va.gov/locations/directions.asp
vha_463GA,https://www.alaska.va.gov/locations/Fairbanks.asp
vha_463GB,https://www.alaska.va.gov/locations/Kenai.asp
vha_463GC,https://www.alaska.va.gov/locations/MatSu.asp
vha_463GD,https://www.alaska.va.gov/locations/Homer_VA_Clinic_Alaska.asp
vha_463GE,https://www.alaska.va.gov/locations/Juneau.asp
vha_501,https://www.albuquerque.va.gov/locations/directions.asp
vha_501G2,https://www.albuquerque.va.gov/locations/LasVegasClinic.asp
vha_501GA,https://www.albuquerque.va.gov/locations/ArtesiaClinic.asp
vha_501GB,https://www.albuquerque.va.gov/locations/FarmingtonClinic.asp
vha_501GC,https://www.albuquerque.va.gov/locations/SilverCityClinic.asp
vha_501GD,https://www.albuquerque.va.gov/locations/GallupClinic.asp
vha_501GE,https://www.albuquerque.va.gov/locations/EspanolaClinic.asp
vha_501GH,https://www.albuquerque.va.gov/locations/TruthorConsequencesClinic.asp
vha_501GI,https://www.albuquerque.va.gov/locations/AlamogordoClinic.asp
vha_501GJ,https://www.albuquerque.va.gov/locations/DurangoClinic.asp
vha_501GK,https://www.albuquerque.va.gov/locations/SantaFeClinic.asp
vha_501GM,https://www.albuquerque.va.gov/locations/NorthwestMetroClinic.asp
vha_501GN,https://www.albuquerque.va.gov/locations/TaosClinic.asp
vha_501HB,https://www.albuquerque.va.gov/locations/RatonClinic.asp
vha_502,https://www.alexandria.va.gov/locations/directions.asp
vha_502GA,https://www.alexandria.va.gov/locations/jennings.asp
vha_502GB,https://www.alexandria.va.gov/locations/lafayette.asp
vha_502GE,https://www.alexandria.va.gov/locations/Lake_Charles_CBOC.asp
vha_502GF,https://www.alexandria.va.gov/locations/fortpolk.asp
vha_502GG,https://www.alexandria.va.gov/locations/Natchitoches.asp
vha_502QB,https://www.alexandria.va.gov/locations/Lafayette_CBOC_Campus_B.asp
vha_503,https://www.altoona.va.gov/locations/directions.asp
vha_503GA,https://www.altoona.va.gov/locations/Johnstown.asp
vha_503GB,https://www.altoona.va.gov/locations/DuBois.asp
vha_503GC,https://www.altoona.va.gov/locations/StateCollege.asp
vha_503GD,https://www.altoona.va.gov/locations/Huntingdon_VA_Community_Based_Outpatient_Clinic.asp
vha_503GE,https://www.altoona.va.gov/locations/Indiana_VA_Outpatient_Clinic.asp
vha_504,https://www.amarillo.va.gov/locations/directions.asp
vha_504BY,https://www.amarillo.va.gov/locations/Lubbock.asp
vha_504BZ,https://www.amarillo.va.gov/locations/Clovis.asp
vha_504GA,https://www.amarillo.va.gov/locations/Childress.asp
vha_504HB,https://www.amarillo.va.gov/locations/Dalhart_VA_Community_Based_Outpatient_Clinic.asp
vha_506,https://www.annarbor.va.gov/locations/directions.asp
vha_506GA,https://www.annarbor.va.gov/locations/toledo.asp
vha_506GB,https://www.annarbor.va.gov/locations/flint.asp
vha_506GC,https://www.annarbor.va.gov/locations/jackson.asp
vha_506QA,https://www.annarbor.va.gov/locations/PackardRoad.asp
vha_506QB,https://www.annarbor.va.gov/locations/GreenRoad.asp
vha_508,https://www.atlanta.va.gov/locations/directions.asp
vha_508GA,https://www.atlanta.va.gov/locations/FtMcPhersonClinic.asp
vha_508GE,https://www.atlanta.va.gov/locations/OakwoodClinic.asp
vha_508GF,https://www.atlanta.va.gov/locations/Austell.asp
vha_508GG,https://www.atlanta.va.gov/locations/Stockbridge.asp
vha_508GH,https://www.atlanta.va.gov/locations/Lawrenceville.asp
vha_508GI,https://www.atlanta.va.gov/locations/Newnan.asp
vha_508GJ,https://www.atlanta.va.gov/locations/Blairsville.asp
vha_508GK,https://www.atlanta.va.gov/locations/Trinka_Davis_Veterans_Village.asp
vha_508GL,https://www.atlanta.va.gov/locations/Rome.asp
vha_508GM,https://www.atlanta.va.gov/locations/Pickens_County_VA_Clinic.asp
vha_508GN,https://www.atlanta.va.gov/locations/Covington_VA_Clinic.asp
vha_508GO,https://www.atlanta.va.gov/locations/North_East_Cobb_Clinic.asp
vha_508GP,https://www.atlanta.va.gov/locations/South_Cobb_VA_Clinic.asp
vha_508QB,https://www.atlanta.va.gov/locations/EastPointClinic.asp
vha_508QC,https://www.atlanta.va.gov/locations/Henderson_Mill_VA_Clinic.asp
vha_508QD,https://www.atlanta.va.gov/locations/Fulton_County_VA_Clinic.asp
vha_508QE,https://www.atlanta.va.gov/locations/Gwinnett_County_Clinic.asp
vha_508QF,https://www.atlanta.va.gov/locations/Atlanta_VA_Clinic.asp
vha_508QH,https://www.atlanta.va.gov/locations/South_Fulton_VA_Clinic.asp
vha_508QI,https://www.atlanta.va.gov/locations/North_Dekalb_County_VA_Clinic.asp
vha_508QJ,https://www.atlanta.va.gov/locations/NorthFultonVAClinic.asp
vha_509,https://www.augusta.va.gov/locations/directions.asp
vha_509A0,https://www.augusta.va.gov/locations/directions-uptown.asp
vha_509GA,https://www.augusta.va.gov/locations/athens.asp
vha_509GB,https://www.augusta.va.gov/locations/aiken.asp
vha_509QA,https://www.augusta.va.gov/locations/Statesboro_GA_Telehealth_Clinic.asp
vha_512,https://www.maryland.va.gov/locations/Baltimore_VA_Medical_Center.asp
vha_512A5,https://www.maryland.va.gov/locations/Perry_Point_VA_Medical_Center.asp
vha_512GA,https://www.maryland.va.gov/locations/Cambridge_VA_Outpatient_Clinic.asp
vha_512GC,https://www.maryland.va.gov/locations/Glen_Burnie_VA_Outpatient_Clinic.asp
vha_512GD,https://www.maryland.va.gov/locations/Loch_Raven_VA_Medical_Center.asp
vha_512GE,https://www.maryland.va.gov/locations/Pocomoke_City_VA_Outpatient_Clinic.asp
vha_512GF,https://www.maryland.va.gov/locations/EasternBaltimoreCountyVAOutpatientClinic.asp
vha_512GG,https://www.maryland.va.gov/locations/Fort_Meade_VA_Outpatient_Clinic.asp
vha_515,https://www.battlecreek.va.gov/locations/directions.asp
vha_515BY,https://www.battlecreek.va.gov/locations/Wyoming.asp
vha_515GA,https://www.battlecreek.va.gov/locations/Muskegon.asp
vha_515GB,https://www.battlecreek.va.gov/locations/Lansing.asp
vha_515GC,https://www.battlecreek.va.gov/locations/BentonHarbor.asp
vha_516,https://www.baypines.va.gov/locations/directions.asp
vha_516BZ,https://www.baypines.va.gov/locations/Lee_County_VA_Healthcare_Center_Cape_Coral_FL.asp
vha_516GA,https://www.baypines.va.gov/locations/Sarasota_Florida.asp
vha_516GB,https://www.baypines.va.gov/locations/St_Petersburg_Florida.asp
vha_516GC,https://www.baypines.va.gov/locations/Palm_Harbor_Florida.asp
vha_516GD,https://www.baypines.va.gov/locations/Bradenton_Florida.asp
vha_516GE,https://www.baypines.va.gov/locations/Port_Charlotte_Florida.asp
vha_516GF,https://www.baypines.va.gov/locations/Naples_Florida.asp
vha_516GH,https://www.baypines.va.gov/locations/Sebring_Florida.asp
vha_517,https://www.beckley.va.gov/locations/directions.asp
vha_517GB,https://www.beckley.va.gov/locations/greenbrier.asp
vha_517QA,https://www.beckley.va.gov/locations/Princeton.asp
vha_518,https://www.bedford.va.gov/locations/directions.asp
vha_518GA,https://www.bedford.va.gov/locations/Lynn_Community_Based_Outpatient_Clinic.asp
vha_518GB,https://www.bedford.va.gov/locations/Haverhill_Community_Based_Outpatient_Clinic.asp
vha_518GE,https://www.bedford.va.gov/locations/Gloucester_Community_Based_Outpatient_Clinic.asp
vha_519,https://www.bigspring.va.gov/locations/directions.asp
vha_519GA,https://www.bigspring.va.gov/locations/PermianBasin_CBOC.asp
vha_519GB,https://www.bigspring.va.gov/locations/HobbsClinic.asp
vha_519GD,https://www.bigspring.va.gov/locations/Fort_Stockton.asp
vha_519HC,https://www.bigspring.va.gov/locations/Abilene_CBOC.asp
vha_519HD,https://www.bigspring.va.gov/locations/Stamford.asp
vha_519HF,https://www.bigspring.va.gov/locations/SanAngeloClinic.asp
vha_520,https://www.biloxi.va.gov/locations/directions.asp
vha_520BZ,https://www.biloxi.va.gov/locations/JACC.asp
vha_520GA,https://www.biloxi.va.gov/locations/MOPC.asp
vha_520GB,https://www.biloxi.va.gov/locations/PCOPC.asp
vha_520GC,https://www.biloxi.va.gov/locations/EOPC.asp
vha_521,https://www.birmingham.va.gov/locations/directions.asp
vha_521GA,https://www.birmingham.va.gov/locations/huntsville.asp
vha_521GC,https://www.birmingham.va.gov/locations/ShoalsArea.asp
vha_521GD,https://www.birmingham.va.gov/locations/gadsden.asp
vha_521GE,https://www.birmingham.va.gov/locations/Anniston-Oxford.asp
vha_521GF,https://www.birmingham.va.gov/locations/jasper.asp
vha_521GG,https://www.birmingham.va.gov/locations/bessemer.asp
vha_521GH,https://www.birmingham.va.gov/locations/childersburg.asp
vha_521GI,https://www.birmingham.va.gov/locations/guntersville.asp
vha_521GJ,https://www.birmingham.va.gov/locations/Birmingham_VA_Clinic.asp
vha_521QA,https://www.birmingham.va.gov/locations/Callahan_VA_Clinic.asp
vha_523,https://www.boston.va.gov/locations/Jamaica_Plain_.asp
vha_523A4,https://www.boston.va.gov/locations/directions.asp
vha_523A5,https://www.boston.va.gov/locations/Brockton_Campus.asp
vha_523BY,https://www.boston.va.gov/locations/Lowell_CBOC.asp
vha_523BZ,https://www.boston.va.gov/locations/Causeway_Street_Boston_CBOC.asp
vha_523GA,https://www.boston.va.gov/locations/Framingham_CBOC.asp
vha_523GC,https://www.boston.va.gov/locations/Quincy_CBOC.asp
vha_523GD,https://www.boston.va.gov/locations/Plymouth_CBOC.asp
vha_526,https://www.bronx.va.gov/locations/directions.asp
vha_526GA,https://www.bronx.va.gov/locations/White_Plains_Community_Clinic.asp
vha_526GB,https://www.bronx.va.gov/locations/Yonkers_Community_Clinic.asp
vha_526GD,https://www.bronx.va.gov/locations/Queens.asp
vha_528,https://www.buffalo.va.gov/locations/directions.asp
vha_528A4,https://www.buffalo.va.gov/locations/batavia.asp
vha_528A5,https://www.fingerlakes.va.gov/locations/Canandaigua_VA_Medical_Center.asp
vha_528A6,https://www.fingerlakes.va.gov/locations/Bath_VA_Medical_Center.asp
vha_528A7,https://www.syracuse.va.gov/locations/directions.asp
vha_528A8,https://www.albany.va.gov/locations/Directions.asp
vha_528G2,https://www.albany.va.gov/locations/Westport.asp
vha_528G3,https://www.albany.va.gov/locations/Bainbridge.asp
vha_528G4,https://www.bath.va.gov/locations/Elmira.asp
vha_528G5,https://www.syracuse.va.gov/locations/Auburn_Community_Based_Outpatient_Clinic.asp
vha_528G6,https://www.albany.va.gov/locations/Fonda.asp
vha_528G7,https://www.albany.va.gov/locations/Catskill.asp
vha_528G8,https://www.bath.va.gov/locations/Wellsville_VA_Clinic.asp
vha_528G9,https://www.syracuse.va.gov/locations/Tompkins_Cortland_County_VA_Outpatient_Clinic.asp
vha_528GB,https://www.buffalo.va.gov/locations/Jamestown.asp
vha_528GC,https://www.buffalo.va.gov/locations/Dunkirk.asp
vha_528GD,https://www.buffalo.va.gov/locations/Niagara_Falls.asp
vha_528GE,https://www.canandaigua.va.gov/locations/Rochester_Westfall_VA_Clinic.asp
vha_528GK,https://www.buffalo.va.gov/locations/Lockport_Community_Based_Outpatient_Clinic.asp
vha_528GL,https://www.syracuse.va.gov/locations/Massena_Community_Based_Outpatient_Clinic.asp
vha_528GM,https://www.syracuse.va.gov/locations/Rome_Community_Based_Outpatient_Clinic.asp
vha_528GN,https://www.syracuse.va.gov/locations/Binghamton_Community_Based_Outpatient_Clinic.asp
vha_528GO,https://www.syracuse.va.gov/locations/Watertown_Community_Based_Outpatient_Clinic.asp
vha_528GP,https://www.syracuse.va.gov/locations/Oswego_Community_Based_Outpatient_Clinic.asp
vha_528GQ,https://www.buffalo.va.gov/locations/Lackawanna.asp
vha_528GQ01,https://www.buffalo.va.gov/locations/Springville_Community_Based_Outpatient_Clinic.asp
vha_528GR,https://www.buffalo.va.gov/locations/Olean_Community_Based_Outpatient_Clinic.asp
vha_528GT,https://www.albany.va.gov/locations/Glen.asp
vha_528GV,https://www.albany.va.gov/locations/Plattsburgh.asp
vha_528GW,https://www.albany.va.gov/locations/Schenectady.asp
vha_528GX,https://www.albany.va.gov/locations/Troy.asp
vha_528GY,https://www.albany.va.gov/locations/Clifton_Park.asp
vha_528GZ,https://www.albany.va.gov/locations/Kingston.asp
vha_528QC,https://www.canandaigua.va.gov/locations/Rochester_Calkins_VA_Clinic.asp
vha_528QE,https://www.bath.va.gov/locations/Coudersport.asp
vha_528QF,https://www.bath.va.gov/locations/Wellsboro_VA_Clinic.asp
vha_528QK,https://www.albany.va.gov/locations/Saranac_Lake.asp
vha_528QN,https://www.syracuse.va.gov/locations/CANI_Building.asp
vha_529,https://www.butler.va.gov/locations/directions.asp
vha_529A4,https://www.butler.va.gov/locations/ButlerVAMC.asp
vha_529GA,https://www.butler.va.gov/locations/Michael_A_Marzano_VA_Outpatient_Clinic_Mercer_County.asp
vha_529GB,https://www.butler.va.gov/locations/Lawrence_County_VA_Outpatient_Clinic.asp
vha_529GC,https://www.butler.va.gov/locations/Armstrong_County_VA_Outpatient_Clinic.asp
vha_529GD,https://www.butler.va.gov/locations/Clarion_County_VA_Outpatient_Clinic.asp
vha_529GF,https://www.butler.va.gov/locations/Cranberry_Township_VA_Outpatient_Clinic.asp
vha_531,https://www.boise.va.gov/locations/directions.asp
vha_531GE,https://www.boise.va.gov/locations/Twin_Falls_Idaho_Community_Based_Outpatient_Clinic.asp
vha_531GG,https://www.boise.va.gov/locations/Caldwell_Idaho_Community_Based_Outpatient_Clinic.asp
vha_531GH,https://www.boise.va.gov/locations/Burns_Oregon_Outreach_Clinic.asp
vha_531GI,https://www.boise.va.gov/locations/Mountain_Home_Idaho_Outpatient_Clinic.asp
vha_531GJ,https://www.boise.va.gov/locations/Salmon_Idaho_Outreach_Clinic.asp
vha_534,https://www.charleston.va.gov/locations/directions.asp
vha_534BY,https://www.charleston.va.gov/locations/Savannah_Clinic.asp
vha_534GB,https://www.charleston.va.gov/locations/Myrtle_Beach.asp
vha_534GC,https://www.charleston.va.gov/locations/Beaufort_SC_Clinic.asp
vha_534GD,https://www.charleston.va.gov/locations/Goose_Creek_Clinic.asp
vha_534GE,https://www.charleston.va.gov/locations/Hinesville_Clinic.asp
vha_534GF,https://www.charleston.va.gov/locations/Trident.asp
vha_534QA,https://www.charleston.va.gov/locations/MBspecialty.asp
vha_534QB,https://www.charleston.va.gov/locations/TridentSpecialty.asp
vha_537,https://www.chicago.va.gov/locations/Directions.asp
vha_537BY,https://www.chicago.va.gov/locations/Adam_Benjamin_Jr.asp
vha_537GA,https://www.chicago.va.gov/locations/Chicago_Heights.asp
vha_537GD,https://www.chicago.va.gov/locations/Lakeside.asp
vha_537HA,https://www.chicago.va.gov/locations/Auburn_Gresham.asp
vha_538,https://www.chillicothe.va.gov/locations/directions.asp
vha_538GA,https://www.chillicothe.va.gov/locations/Athens.asp
vha_538GB,https://www.chillicothe.va.gov/locations/Portsmouth.asp
vha_538GC,https://www.chillicothe.va.gov/locations/Marietta.asp
vha_538GD,https://www.chillicothe.va.gov/locations/Lancaster.asp
vha_538GE,https://www.chillicothe.va.gov/locations/Cambridge.asp
vha_538GF,https://www.chillicothe.va.gov/locations/Wilmington.asp
vha_539,https://www.cincinnati.va.gov/locations/Cincinnati_VA_Medical_Center.asp
vha_539GA,https://www.cincinnati.va.gov/locations/Bellevue.asp
vha_539GB,https://www.cincinnati.va.gov/locations/Clermont.asp
vha_539GC,https://www.cincinnati.va.gov/locations/lawrenceburg.asp
vha_539GD,https://www.cincinnati.va.gov/locations/Florence.asp
vha_539GE,https://www.cincinnati.va.gov/locations/Hamilton.asp
vha_539GF,https://www.cincinnati.va.gov/locations/georgetown.asp
vha_539QD,https://www.cincinnati.va.gov/locations/Norwood_VA_Clinic.asp
vha_540,https://www.clarksburg.va.gov/locations/directions.asp
vha_540GA,https://www.clarksburg.va.gov/locations/Tucker_County_CBOC.asp
vha_540GB,https://www.clarksburg.va.gov/locations/Wood_County_CBOC.asp
vha_540GC,https://www.clarksburg.va.gov/locations/Braxton_County_CBOC.asp
vha_540GD,https://www.clarksburg.va.gov/locations/Monongalia_County_CBOC.asp
vha_540HK,https://www.clarksburg.va.gov/locations/Rural_Mobile_Clinic.asp
vha_541,https://www.cleveland.va.gov/locations/directions.asp
vha_541BY,https://www.cleveland.va.gov/locations/Canton.asp
vha_541BZ,https://www.cleveland.va.gov/locations/Youngstown.asp
vha_541GB,https://www.cleveland.va.gov/locations/Lorain.asp
vha_541GC,https://www.cleveland.va.gov/locations/Sandusky.asp
vha_541GD,https://www.cleveland.va.gov/locations/Mansfield.asp
vha_541GE,https://www.cleveland.va.gov/locations/Mccafferty.asp
vha_541GF,https://www.cleveland.va.gov/locations/LakeCounty.asp
vha_541GG,https://www.cleveland.va.gov/locations/Akron.asp
vha_541GH,https://www.cleveland.va.gov/locations/East_Liverpool_Calcutta.asp
vha_541GI,https://www.cleveland.va.gov/locations/Warren.asp
vha_541GJ,https://www.cleveland.va.gov/locations/New_Philadelphia.asp
vha_541GK,https://www.cleveland.va.gov/locations/Ravenna.asp
vha_541GL,https://www.cleveland.va.gov/locations/Parma.asp
vha_542,https://www.coatesville.va.gov/locations/directions.asp
vha_542GA,https://www.coatesville.va.gov/locations/Delaware_County_VA_Clinic.asp
vha_542GE,https://www.coatesville.va.gov/locations/SpringCity.asp
vha_544,https://www.columbiasc.va.gov/locations/directions.asp
vha_544BZ,https://www.columbiasc.va.gov/locations/greenville.asp
vha_544GB,https://www.columbiasc.va.gov/locations/florence.asp
vha_544GC,https://www.columbiasc.va.gov/locations/RockHill.asp
vha_544GD,https://www.columbiasc.va.gov/locations/anderson.asp
vha_544GE,https://www.columbiasc.va.gov/locations/orangeburg.asp
vha_544GF,https://www.columbiasc.va.gov/locations/sumter.asp
vha_544GG,https://www.columbiasc.va.gov/locations/spartanburg.asp
vha_546,https://www.miami.va.gov/locations/directions.asp
vha_546BZ,https://www.miami.va.gov/locations/William_Bill_Kling.asp
vha_546GA,https://www.miami.va.gov/locations/Healthcare_for_Homeless_Veterans.asp
vha_546GB,https://www.miami.va.gov/locations/Key_West.asp
vha_546GC,https://www.miami.va.gov/locations/Homestead.asp
vha_546GD,https://www.miami.va.gov/locations/Pembroke_Pines.asp
vha_546GE,https://www.miami.va.gov/locations/Key_Largo.asp
vha_546GF,https://www.miami.va.gov/locations/Hollywood.asp
vha_546GH,https://www.miami.va.gov/locations/Deerfield_Beach.asp
vha_548,https://www.westpalmbeach.va.gov/locations/directions.asp
vha_548GA,https://www.westpalmbeach.va.gov/locations/Fort_Pierce_CBOC.asp
vha_548GB,https://www.westpalmbeach.va.gov/locations/Delray_Beach_CBOC.asp
vha_548GC,https://www.westpalmbeach.va.gov/locations/Stuart_CBOC.asp
vha_548GD,https://www.westpalmbeach.va.gov/locations/Boca_Raton_CBOC.asp
vha_548GE,https://www.westpalmbeach.va.gov/locations/Vero_Beach_CBOC.asp
vha_548GF,https://www.westpalmbeach.va.gov/locations/Okeechobee_CBOC.asp
vha_548QA,https://www.westpalmbeach.va.gov/locations/St_Lucie_County_PTSD.asp
vha_549,https://www.northtexas.va.gov/locations/directions.asp
vha_549A4,https://www.northtexas.va.gov/locations/Bonham.asp
vha_549A5,https://www.northtexas.va.gov/locations/Garland_VAMC.asp
vha_549BY,https://www.northtexas.va.gov/locations/FWOPC.asp
vha_549GD,https://www.northtexas.va.gov/locations/Denton.asp
vha_549GE,https://www.northtexas.va.gov/locations/Decatur.asp
vha_549GF,https://www.northtexas.va.gov/locations/Granbury.asp
vha_549GH,https://www.northtexas.va.gov/locations/Greenville.asp
vha_549GJ,https://www.northtexas.va.gov/locations/Sherman.asp
vha_549GK,https://www.northtexas.va.gov/locations/Polk.asp
vha_549GL,https://www.northtexas.va.gov/locations/Plano_Outpatient_Clinic.asp
vha_549GM,https://www.northtexas.va.gov/locations/Grand_Prairie.asp
vha_549QC,https://www.northtexas.va.gov/locations/Broadway.asp
vha_550,https://www.danville.va.gov/locations/directions.asp
vha_550BY,https://www.danville.va.gov/locations/Peoria_Illinois.asp
vha_550GA,https://www.danville.va.gov/locations/Decatur_Illinois.asp
vha_550GD,https://www.danville.va.gov/locations/Springfield_Illinois.asp
vha_550GF,https://www.danville.va.gov/locations/Mattoon_Community_Based_Outpatient_Clinic.asp
vha_550GG,https://www.danville.va.gov/locations/Bloomington_VA_Clinic.asp
vha_552,https://www.dayton.va.gov/locations/directions.asp
vha_552GA,https://www.dayton.va.gov/locations/midtwn_cboc.asp
vha_552GB,https://www.dayton.va.gov/locations/Lima_cboc.asp
vha_552GC,https://www.dayton.va.gov/locations/rchmnd_cboc.asp
vha_552GD,https://www.dayton.va.gov/locations/spgfld_cboc.asp
vha_553,https://www.detroit.va.gov/locations/directions.asp
vha_553GA,https://www.detroit.va.gov/locations/directions_Yale_CBOC.asp
vha_553GB,https://www.detroit.va.gov/locations/Directions_Pontiac_CBOC.asp
vha_554,https://www.denver.va.gov/locations/directions.asp
vha_554A4,https://www.denver.va.gov/locations/Pueblo_VA_Community_Living_Center.asp
vha_554A5,https://www.denver.va.gov/locations/Denver_VA_Domiciliary.asp
vha_554BU,https://www.denver.va.gov/locations/Valor_Point_VA_Domiciliary.asp
vha_554GB,https://www.denver.va.gov/locations/Aurora.asp
vha_554GC,https://www.denver.va.gov/locations/Lakewood.asp
vha_554GD,https://www.denver.va.gov/locations/Pueblo.asp
vha_554GE,https://www.denver.va.gov/locations/ColoradoSprings.asp
vha_554GF,https://www.denver.va.gov/locations/Alamosa.asp
vha_554GG,https://www.denver.va.gov/locations/LaJunta.asp
vha_554GH,https://www.denver.va.gov/locations/Lamar.asp
vha_554GI,https://www.denver.va.gov/locations/Burlington.asp
vha_554GJ,https://www.denver.va.gov/locations/Denver_VA_Clinic.asp
vha_554QA,https://www.denver.va.gov/locations/York_Street_VA_Clinic.asp
vha_554QB,https://www.denver.va.gov/locations/Jewell.asp
vha_554QC,https://www.denver.va.gov/locations/Salida.asp
vha_556,https://www.lovell.fhcc.va.gov/locations/directions.asp
vha_556GA,https://www.lovell.fhcc.va.gov/locations/Evanston_Community_Based_Outpatient_Clinic.asp
vha_556GC,https://www.lovell.fhcc.va.gov/locations/McHenry_Community_Based_Outpatient_Clinic.asp
vha_556GD,https://www.lovell.fhcc.va.gov/locations/Kenosha_Community_Based_Outpatient_Clinic.asp
vha_557,https://www.dublin.va.gov/locations/directions.asp
vha_557GA,https://www.dublin.va.gov/locations/macon.asp
vha_557GB,https://www.dublin.va.gov/locations/albany.asp
vha_557GC,https://www.dublin.va.gov/locations/milledgeville.asp
vha_557GE,https://www.dublin.va.gov/locations/brunswick.asp
vha_557GF,https://www.dublin.va.gov/locations/Tifton_CBOC.asp
vha_557HA,https://www.dublin.va.gov/locations/perry.asp
vha_558,https://www.durham.va.gov/locations/directions.asp
vha_558GA,https://www.durham.va.gov/locations/Greenville.asp
vha_558GB,https://www.durham.va.gov/locations/Raleigh.asp
vha_558GC,https://www.durham.va.gov/locations/MoreheadCity.asp
vha_558GD,https://www.durham.va.gov/locations/HillandaleRoadII.asp
vha_558GE,https://www.durham.va.gov/locations/HillandaleRoad.asp
vha_558GF,https://www.durham.va.gov/locations/RaleighII.asp
vha_558GG,https://www.durham.va.gov/locations/Raleigh_III.asp
vha_558GH,https://www.durham.va.gov/locations/Clayton_East_VA_Health_Care_Center.asp
vha_558QA,https://www.durham.va.gov/locations/BrierCreek.asp
vha_561,https://www.newjersey.va.gov/locations/directions.asp
vha_561A4,https://www.newjersey.va.gov/locations/Lyons_Campus.asp
vha_561BZ,https://www.newjersey.va.gov/locations/brick.asp
vha_561GA,https://www.newjersey.va.gov/locations/Hamilton.asp
vha_561GB,https://www.newjersey.va.gov/locations/Elizabeth.asp
vha_561GD,https://www.newjersey.va.gov/locations/Hackensack.asp
vha_561GE,https://www.newjersey.va.gov/locations/JerseyCity.asp
vha_561GF,https://www.newjersey.va.gov/locations/Piscataway.asp
vha_561GH,https://www.newjersey.va.gov/locations/Morristown.asp
vha_561GI,https://www.newjersey.va.gov/locations/Tinton_Falls.asp
vha_561GJ,https://www.newjersey.va.gov/locations/Paterson.asp
vha_561GK,https://www.newjersey.va.gov/locations/Sussex.asp
vha_562,https://www.erie.va.gov/locations/directions.asp
vha_562GA,https://www.erie.va.gov/locations/crawford.asp
vha_562GB,https://www.erie.va.gov/locations/ashtabula.asp
vha_562GC,https://www.erie.va.gov/locations/mckean.asp
vha_562GD,https://www.erie.va.gov/locations/venango.asp
vha_562GE,https://www.erie.va.gov/locations/warren.asp
vha_564,https://www.fayettevillear.va.gov/locations/directions.asp
vha_564BY,https://www.fayettevillear.va.gov/locations/springfield.asp
vha_564GA,https://www.fayettevillear.va.gov/locations/harrison.asp
vha_564GB,https://www.fayettevillear.va.gov/locations/fortsmith.asp
vha_564GC,https://www.fayettevillear.va.gov/locations/branson.asp
vha_564GD,https://www.fayettevillear.va.gov/locations/ozark.asp
vha_564GE,https://www.fayettevillear.va.gov/locations/jay.asp
vha_564GF,https://www.fayettevillear.va.gov/locations/Joplin_Outpatient_Clinic.asp
vha_565,https://www.fayettevillenc.va.gov/locations/directions.asp
vha_565GA,https://www.fayettevillenc.va.gov/locations/jacksonville.asp
vha_565GC,https://www.fayettevillenc.va.gov/locations/WilmingtonHCC.asp
vha_565GD,https://www.fayettevillenc.va.gov/locations/hamlet.asp
vha_565GE,https://www.fayettevillenc.va.gov/locations/robeson.asp
vha_565GF,https://www.fayettevillenc.va.gov/locations/Goldsboro_Community_Based_Outpatient_Clinic.asp
vha_565GG,https://www.fayettevillenc.va.gov/locations/Sanford_CBOC.asp
vha_565GH,https://www.fayettevillenc.va.gov/locations/brunswick.asp
vha_565GL,https://www.fayettevillenc.va.gov/locations/Fayetteville_Health_Care_Center.asp
vha_565QA,https://www.fayettevillenc.va.gov/locations/Fayetteville_Dialysis_Clinic.asp
vha_565QD,https://www.fayettevillenc.va.gov/locations/Fayetteville_Rehabilitation_Clinic.asp
vha_568,https://www.blackhills.va.gov/locations/directions.asp
vha_568A4,https://www.blackhills.va.gov/locations/HotSpringsCampus.asp
vha_568GA,https://www.blackhills.va.gov/locations/RapidCity.asp
vha_568GB,https://www.blackhills.va.gov/locations/pierre.asp
vha_568HA,https://www.blackhills.va.gov/locations/newcastle.asp
vha_568HB,https://www.blackhills.va.gov/locations/gordon.asp
vha_568HF,https://www.blackhills.va.gov/locations/PineRidge.asp
vha_568HH,https://www.blackhills.va.gov/locations/panhandlenebraska.asp
vha_568HJ,https://www.blackhills.va.gov/locations/mission.asp
vha_568HP,https://www.blackhills.va.gov/locations/winner.asp
vha_570,https://www.fresno.va.gov/locations/fresno.asp
vha_570GA,https://www.fresno.va.gov/locations/merced.asp
vha_570GB,https://www.fresno.va.gov/locations/tulare.asp
vha_570GC,https://www.fresno.va.gov/locations/oakhurst.asp
vha_573,https://www.northflorida.va.gov/locations/directions.asp
vha_573A4,https://www.northflorida.va.gov/locations/LakeCity.asp
vha_573BY,https://www.northflorida.va.gov/locations/Jacksonville.asp
vha_573GA,https://www.northflorida.va.gov/locations/Valdosta.asp
vha_573GD,https://www.northflorida.va.gov/locations/Ocala.asp
vha_573GE,https://www.northflorida.va.gov/locations/StAugustine.asp
vha_573GF,https://www.northflorida.va.gov/locations/Tallahassee.asp
vha_573GI,https://www.northflorida.va.gov/locations/TheVillages.asp
vha_573GJ,https://www.northflorida.va.gov/locations/stMarys.asp
vha_573GK,https://www.northflorida.va.gov/locations/Marianna.asp
vha_573GL,https://www.northflorida.va.gov/locations/Palatka.asp
vha_573GM,https://www.northflorida.va.gov/locations/waycross.asp
vha_573GN,https://www.northflorida.va.gov/locations/perry.asp
vha_573GO,https://www.northflorida.va.gov/locations/Middleburg_VA_Clinic.asp
vha_575,https://www.grandjunction.va.gov/locations/directions.asp
vha_575GA,https://www.grandjunction.va.gov/locations/Montrose_Colorado.asp
vha_575GB,https://www.grandjunction.va.gov/locations/Craig_Veterans_Community_Clinic.asp
vha_575QA,https://www.grandjunction.va.gov/locations/GlenwoodSprings.asp
vha_575QB,https://www.grandjunction.va.gov/locations/Moab_Veterans_Community_Clinic.asp
vha_575QC,https://www.grandjunction.va.gov/locations/Grand_Junction_VA_Mobile_Clinic.asp
vha_578,https://www.hines.va.gov/locations/directions.asp
vha_578GA,https://www.hines.va.gov/locations/joliet.asp
vha_578GC,https://www.hines.va.gov/locations/kankakee.asp
vha_578GD,https://www.hines.va.gov/locations/aurora.asp
vha_578GE,https://www.hines.va.gov/locations/Hoffman_Estates.asp
vha_578GF,https://www.hines.va.gov/locations/LaSalle.asp
vha_578GG,https://www.hines.va.gov/locations/OakLawn.asp
vha_580,https://www.houston.va.gov/locations/directions.asp
vha_580BY,https://www.houston.va.gov/locations/Beaumont_VA_Outpatient_Clinic.asp
vha_580BZ,https://www.houston.va.gov/locations/Charles_Wilson_VA_Outpatient_Clinic.asp
vha_580GC,https://www.houston.va.gov/locations/Galveston_VA_Outpatient_Clinic.asp
vha_580GD,https://www.houston.va.gov/locations/Conroe_VA_Outpatient_Clinic.asp
vha_580GE,https://www.houston.va.gov/locations/Katy_VA_Outpatient_Clinic.asp
vha_580GF,https://www.houston.va.gov/locations/Lake_Jackson_VA_Outpatient_Clinic.asp
vha_580GG,https://www.houston.va.gov/locations/Richmond_VA_Outpatient_Clinic.asp
vha_580GH,https://www.houston.va.gov/locations/Tomball_VA_Outpatient_Clinic.asp
vha_580GJ,https://www.houston.va.gov/locations/Texas_City_VA_Outpatient_Clinic.asp
vha_581,https://www.huntington.va.gov/locations/directions.asp
vha_581GA,https://www.huntington.va.gov/locations/prestonsburg.asp
vha_581GB,https://www.huntington.va.gov/locations/charleston.asp
vha_581GG,https://www.huntington.va.gov/locations/gallipolis.asp
vha_581GH,https://www.huntington.va.gov/locations/lenore.asp
vha_581QA,https://www.huntington.va.gov/locations/HVRC.asp
vha_583,https://www.indianapolis.va.gov/locations/directions.asp
vha_583GA,https://www.indianapolis.va.gov/locations/Terre_Haute_CBOC.asp
vha_583GB,https://www.indianapolis.va.gov/locations/Bloomington_CBOC.asp
vha_583GC,https://www.indianapolis.va.gov/locations/Martinsville_CBOC.asp
vha_583GD,https://www.indianapolis.va.gov/locations/Indy_West_VA_Clinic.asp
vha_583GE,https://www.indianapolis.va.gov/locations/Lafayette_CBOC.asp
vha_583GF,https://www.indianapolis.va.gov/locations/Wakeman_VA_Clinic.asp
vha_583GG,https://www.indianapolis.va.gov/locations/Shelbyville_VA_Clinic.asp
vha_583QA,https://www.indianapolis.va.gov/locations/Bloomington_Outpatient_Mental_Health_Outpatient_Clinic.asp
vha_583QB,https://www.indianapolis.va.gov/locations/Homeless_Team.asp
vha_583QC,https://www.indianapolis.va.gov/locations/Terre_Haute_Mental_Health.asp
vha_583QD,https://www.indianapolis.va.gov/locations/Indianapolis_YMCA_VA_Clinic_Pike_Township.asp
vha_583QF,https://www.indianapolis.va.gov/locations/Crane.asp
vha_585,https://www.ironmountain.va.gov/locations/directions.asp
vha_585GA,https://www.ironmountain.va.gov/locations/hancock.asp
vha_585GB,https://www.ironmountain.va.gov/locations/Rhinelander.asp
vha_585GC,https://www.ironmountain.va.gov/locations/Menominee.asp
vha_585GD,https://www.ironmountain.va.gov/locations/Ironwood.asp
vha_585GF,https://www.ironmountain.va.gov/locations/Manistique.asp
vha_585HA,https://www.ironmountain.va.gov/locations/Marquette.asp
vha_585HB,https://www.ironmountain.va.gov/locations/SaultSteMarie.asp
vha_586,https://www.jackson.va.gov/locations/directions.asp
vha_586GA,https://www.jackson.va.gov/locations/kosciusko.asp
vha_586GB,https://www.jackson.va.gov/locations/Meridian.asp
vha_586GC,https://www.jackson.va.gov/locations/Greenville.asp
vha_586GD,https://www.jackson.va.gov/locations/Hattiesburg.asp
vha_586GE,https://www.jackson.va.gov/locations/Natchez.asp
vha_586GF,https://www.jackson.va.gov/locations/Columbus.asp
vha_586GG,https://www.jackson.va.gov/locations/McComb.asp
vha_589,https://www.kansascity.va.gov/locations/directions.asp
vha_589A4,https://www.columbiamo.va.gov/locations/directions.asp
vha_589A5,https://www.topeka.va.gov/locations/directions.asp
vha_589A6,https://www.topeka.va.gov/locations/LeavenworthDirections.asp
vha_589A7,https://www.wichita.va.gov/locations/directions.asp
vha_589G1,https://www.kansascity.va.gov/locations/Warrensburg_CBOC.asp
vha_589G2,https://www.wichita.va.gov/locations/DodgeCity.asp
vha_589G3,https://www.wichita.va.gov/locations/Liberal.asp
vha_589G4,https://www.wichita.va.gov/locations/Hays.asp
vha_589G5,https://www.wichita.va.gov/locations/Parsons.asp
vha_589G7,https://www.wichita.va.gov/locations/Hutchinson.asp
vha_589G8,https://www.columbiamo.va.gov/locations/Jefferson_City.asp
vha_589GB,https://www.kansascity.va.gov/locations/Belton_CBOC.asp
vha_589GC,https://www.kansascity.va.gov/locations/Paola_CBOC.asp
vha_589GD,https://www.kansascity.va.gov/locations/Nevada_CBOC.asp
vha_589GE,https://www.columbiamo.va.gov/locations/Kirksville.asp
vha_589GF,https://www.columbiamo.va.gov/locations/Fort_Leonard_Wood.asp
vha_589GH,https://www.columbiamo.va.gov/locations/Lake_of_the_Ozarks.asp
vha_589GI,https://www.topeka.va.gov/locations/St_Joseph_Community_Based_Outpatient_Clinic.asp
vha_589GJ,https://www.topeka.va.gov/locations/Wyandotte_County_Community_Based_Outpatient_Clinic.asp
vha_589GM,https://www.topeka.va.gov/locations/Chanute_Community_Based_Outpatient_Clinic.asp
vha_589GP,https://www.topeka.va.gov/locations/Garnett_Community_Based_Outpatient_Clinic.asp
vha_589GR,https://www.topeka.va.gov/locations/Junction_City_Community-Based_Outpatient_Clinic.asp
vha_589GU,https://www.topeka.va.gov/locations/Lawrence_Community_Based_Outpatient_Clinic.asp
vha_589GV,https://www.topeka.va.gov/locations/Ft_Scott_Community_Based_Outpatient_Clinic.asp
vha_589GW,https://www.wichita.va.gov/locations/Salina.asp
vha_589GX,https://www.columbiamo.va.gov/locations/Mexico.asp
vha_589GY,https://www.columbiamo.va.gov/locations/Saint_James.asp
vha_589GZ,https://www.kansascity.va.gov/locations/Cameron_CBOC.asp
vha_589HK,https://www.kansascity.va.gov/locations/MobileMedUnit.asp
vha_589JA,https://www.columbiamo.va.gov/locations/Sedalia.asp
vha_589JB,https://www.kansascity.va.gov/locations/Excelsior_Springs_CBOC.asp
vha_589JC,https://www.kansascity.va.gov/locations/Shawnee_VA_Clinic.asp
vha_589JD,https://www.columbiamo.va.gov/locations/Marshfield_VA_Clinic.asp
vha_589JE,https://www.topeka.va.gov/locations/Platte_City_Community_Based_Outpatient_Clinic.asp
vha_589JF,https://www.kansascity.va.gov/locations/Honor_Annex.asp
vha_590,https://www.hampton.va.gov/locations/directions.asp
vha_590GB,https://www.hampton.va.gov/locations/VirginiaBeach.asp
vha_590GC,https://www.hampton.va.gov/locations/albemarle.asp
vha_590GD,https://www.hampton.va.gov/locations/chesapeake.asp
vha_593,https://www.lasvegas.va.gov/locations/directions.asp
vha_593GC,https://www.lasvegas.va.gov/locations/Pahrump_Clinic_CBOC.asp
vha_593GD,https://www.lasvegas.va.gov/locations/Northwest_Primary_Care_Clinic.asp
vha_593GE,https://www.lasvegas.va.gov/locations/Southeast_Primary_Care_Clinic.asp
vha_593GF,https://www.lasvegas.va.gov/locations/Southwest_Primary_Care_Clinic.asp
vha_593GG,https://www.lasvegas.va.gov/locations/Northeast_Primary_Care_Clinic.asp
vha_593GH,https://www.lasvegas.va.gov/locations/Laughlin_Rural_Outreach_Clinic.asp
vha_595,https://www.lebanon.va.gov/locations/Directions.asp
vha_595GA,https://www.lebanon.va.gov/locations/Cumberland_Co_VA_Clinic.asp
vha_595GC,https://www.lebanon.va.gov/locations/Lancaster_VA_Clinic.asp
vha_595GD,https://www.lebanon.va.gov/locations/BerksCBOC.asp
vha_595GE,https://www.lebanon.va.gov/locations/YorkCBOC.asp
vha_595GF,https://www.lebanon.va.gov/locations/Schuylkill_Co_VA_Clinic.asp
vha_596,https://www.lexington.va.gov/locations/Leestown_Division.asp
vha_596A4,https://www.lexington.va.gov/locations/directions.asp
vha_596GA,https://www.lexington.va.gov/locations/Somerset_Kentucky_CBOC.asp
vha_596GB,https://www.lexington.va.gov/locations/Morehead_Kentucky_CBOC.asp
vha_596GC,https://www.lexington.va.gov/locations/Hazard_Kentucky_CBOC.asp
vha_596GD,https://www.lexington.va.gov/locations/Berea_Kentucky_CBOC.asp
vha_598,https://www.littlerock.va.gov/locations/directions.asp
vha_598A0,https://www.littlerock.va.gov/locations/northlittlerock.asp
vha_598GA,https://www.littlerock.va.gov/locations/MountainHome.asp
vha_598GB,https://www.littlerock.va.gov/locations/ElDorado.asp
vha_598GC,https://www.littlerock.va.gov/locations/HotSprings.asp
vha_598GD,https://www.littlerock.va.gov/locations/Mena.asp
vha_598GE,https://www.littlerock.va.gov/locations/PineBluff.asp
vha_598GF,https://www.littlerock.va.gov/locations/Searcy.asp
vha_598GG,https://www.littlerock.va.gov/locations/Conway.asp
vha_598GH,https://www.littlerock.va.gov/locations/Russellville.asp
vha_600,https://www.longbeach.va.gov/locations/directions.asp
vha_600GA,https://www.longbeach.va.gov/locations/Anaheim.asp
vha_600GB,https://www.longbeach.va.gov/locations/SantaAna.asp
vha_600GC,https://www.longbeach.va.gov/locations/Villages_at_Cabrillo.asp
vha_600GD,https://www.longbeach.va.gov/locations/Whittier_Santa_Fe_Springs_Clinic.asp
vha_600GE,https://www.longbeach.va.gov/locations/LagunaHills.asp
vha_603,https://www.louisville.va.gov/locations/directions.asp
vha_603GA,https://www.louisville.va.gov/locations/fortknox.asp
vha_603GB,https://www.louisville.va.gov/locations/newalbany.asp
vha_603GC,https://www.louisville.va.gov/locations/shively.asp
vha_603GD,https://www.louisville.va.gov/locations/Stonybrook_VA_Clinic.asp
vha_603GE,https://www.louisville.va.gov/locations/newburg.asp
vha_603GF,https://www.louisville.va.gov/locations/grayson.asp
vha_603GG,https://www.louisville.va.gov/locations/scottsburg.asp
vha_603GH,https://www.louisville.va.gov/locations/carrollton.asp
vha_605,https://www.lomalinda.va.gov/locations/directions.asp
vha_605BZ,https://www.lomalinda.va.gov/locations/Ambulatory_Care_Center.asp
vha_605GA,https://www.lomalinda.va.gov/locations/victorville.asp
vha_605GB,https://www.lomalinda.va.gov/locations/murrieta.asp
vha_605GC,https://www.lomalinda.va.gov/locations/palm_desert.asp
vha_605GD,https://www.lomalinda.va.gov/locations/corona.asp
vha_605GE,https://www.lomalinda.va.gov/locations/rancho_cucamonga.asp
vha_605QA,https://www.lomalinda.va.gov/locations/Blythe.asp
vha_607,https://www.madison.va.gov/locations/directions.asp
vha_607AA,https://www.madison.va.gov/locations/madisoncentral.asp
vha_607GC,https://www.madison.va.gov/locations/janesville.asp
vha_607GD,https://www.madison.va.gov/locations/baraboo.asp
vha_607GE,https://www.madison.va.gov/locations/BeaverDam.asp
vha_607GF,https://www.madison.va.gov/locations/freeport.asp
vha_607GG,https://www.madison.va.gov/locations/westannex.asp
vha_607HA,https://www.madison.va.gov/locations/rockford.asp
vha_608,https://www.manchester.va.gov/locations/directions.asp
vha_608GA,https://www.manchester.va.gov/locations/portsmouth.asp
vha_608GC,https://www.manchester.va.gov/locations/somersworth.asp
vha_608GD,https://www.manchester.va.gov/locations/conway.asp
vha_608HA,https://www.manchester.va.gov/locations/tilton.asp
vha_610,https://www.northernindiana.va.gov/locations/Marion.asp
vha_610A4,https://www.northernindiana.va.gov/locations/FortWayne.asp
vha_610BY,https://www.northernindiana.va.gov/locations/StJosephCounty.asp
vha_610GB,https://www.northernindiana.va.gov/locations/Muncie.asp
vha_610GC,https://www.northernindiana.va.gov/locations/Goshsen.asp
vha_610GD,https://www.northernindiana.va.gov/locations/Peru.asp
vha_610QA,https://www.northernindiana.va.gov/locations/Fort_Wayne_VA_Clinic.asp
vha_610QB,https://www.northernindiana.va.gov/locations/Columbia_Place_VA_Clinic.asp
vha_612A4,https://www.northerncalifornia.va.gov/locations/directions.asp
vha_612B4,https://www.northerncalifornia.va.gov/locations/Redding_OPC.asp
vha_612BY,https://www.northerncalifornia.va.gov/locations/Oakland_OPC.asp
vha_612GD,https://www.northerncalifornia.va.gov/locations/Fairfield_OPC.asp
vha_612GE,https://www.northerncalifornia.va.gov/locations/Mare_Island_OPC.asp
vha_612GF,https://www.northerncalifornia.va.gov/locations/Martinez_OPC.asp
vha_612GG,https://www.northerncalifornia.va.gov/locations/Chico_OPC.asp
vha_612GH,https://www.northerncalifornia.va.gov/locations/McClellan_Outpatient_Clinic.asp
vha_612GI,https://www.northerncalifornia.va.gov/locations/Yuba_City_OPC.asp
vha_612GJ,https://www.northerncalifornia.va.gov/locations/Yreka_Rural_Health_Clinic.asp
vha_612GK,https://www.northerncalifornia.va.gov/locations/Sierra_Foothills_OPC.asp
vha_612QB,https://www.northerncalifornia.va.gov/locations/Oakland_BHC.asp
vha_613,https://www.martinsburg.va.gov/locations/directions.asp
vha_613GA,https://www.martinsburg.va.gov/locations/cumberland.asp
vha_613GB,https://www.martinsburg.va.gov/locations/hagerstown.asp
vha_613GC,https://www.martinsburg.va.gov/locations/stephenscity.asp
vha_613GD,https://www.martinsburg.va.gov/locations/franklin.asp
vha_613GE,https://www.martinsburg.va.gov/locations/petersburg.asp
vha_613GF,https://www.martinsburg.va.gov/locations/harrisonburg.asp
vha_613GG,https://www.martinsburg.va.gov/locations/ftDetrick.asp
vha_614,https://www.memphis.va.gov/locations/directions.asp
vha_614GA,https://www.memphis.va.gov/locations/Tupelo.asp
vha_614GB,https://www.memphis.va.gov/locations/Jonesboro.asp
vha_614GC,https://www.memphis.va.gov/locations/Holly_Springs.asp
vha_614GD,https://www.memphis.va.gov/locations/Savannah.asp
vha_614GE,https://www.memphis.va.gov/locations/Covington.asp
vha_614GF,https://www.memphis.va.gov/locations/Memphis_Nonconnah.asp
vha_614GG,https://www.memphis.va.gov/locations/Jackson.asp
vha_614GI,https://www.memphis.va.gov/locations/Dyersburg.asp
vha_614GN,https://www.memphis.va.gov/locations/Helena.asp
vha_614QA,https://www.memphis.va.gov/locations/Union_Avenue_VA_Clinic.asp
vha_618,https://www.minneapolis.va.gov/locations/directions.asp
vha_618BY,https://www.minneapolis.va.gov/locations/TwinPorts.asp
vha_618GA,https://www.minneapolis.va.gov/locations/SouthCentral.asp
vha_618GB,https://www.minneapolis.va.gov/locations/Hibbing.asp
vha_618GD,https://www.minneapolis.va.gov/locations/Maplewood.asp
vha_618GE,https://www.minneapolis.va.gov/locations/ChippewaValley.asp
vha_618GG,https://www.minneapolis.va.gov/locations/Rochester.asp
vha_618GH,https://www.minneapolis.va.gov/locations/Hayward.asp
vha_618GI,https://www.minneapolis.va.gov/locations/NorthwestMetro.asp
vha_618GJ,https://www.minneapolis.va.gov/locations/Shakopee.asp
vha_618GK,https://www.minneapolis.va.gov/locations/AlbertLea.asp
vha_618GL,https://www.minneapolis.va.gov/locations/Community_Resource_and_Referral_Center.asp
vha_618GM,https://www.minneapolis.va.gov/locations/RiceLake.asp
vha_618GN,https://www.minneapolis.va.gov/locations/Mankato.asp
vha_618QA,https://www.minneapolis.va.gov/locations/Compensation_and_Pension_Clinic.asp
vha_618QB,https://www.minneapolis.va.gov/locations/Ely.asp
vha_619,https://www.centralalabama.va.gov/locations/directions.asp
vha_619A4,https://www.centralalabama.va.gov/locations/tuskegee.asp
vha_619GA,https://www.centralalabama.va.gov/locations/columbus.asp
vha_619GB,https://www.centralalabama.va.gov/locations/dothan.asp
vha_619GD,https://www.centralalabama.va.gov/locations/wiregrass.asp
vha_619GE,https://www.centralalabama.va.gov/locations/Monroeville.asp
vha_619GF,https://www.centralalabama.va.gov/locations/Montgomery_VA_Clinic.asp
vha_619QA,https://www.centralalabama.va.gov/locations/DothanMHC.asp
vha_620,https://www.hudsonvalley.va.gov/locations/directions.asp
vha_620A4,https://www.hudsonvalley.va.gov/locations/Castle_Point_Campus.asp
vha_620GA,https://www.hudsonvalley.va.gov/locations/New_City_Community_Clinic.asp
vha_620GB,https://www.hudsonvalley.va.gov/locations/Carmel_Community_Clinic_Putnam_County.asp
vha_620GD,https://www.hudsonvalley.va.gov/locations/Goshen_Community_Clinic.asp
vha_620GE,https://www.hudsonvalley.va.gov/locations/Port_Jervis_Community_Clinic.asp
vha_620GF,https://www.hudsonvalley.va.gov/locations/Monticello_Community_Clinic.asp
vha_620GG,https://www.hudsonvalley.va.gov/locations/Poughkeepsie_Community_Clinic.asp
vha_620GH,https://www.hudsonvalley.va.gov/locations/Eastern_Dutchess_Pine_Plains_Community_Clinic.asp
vha_621,https://www.mountainhome.va.gov/locations/directions.asp
vha_621BY,https://www.mountainhome.va.gov/locations/Knoxville.asp
vha_621GA,https://www.mountainhome.va.gov/locations/Rogersville.asp
vha_621GC,https://www.mountainhome.va.gov/locations/Norton.asp
vha_621GG,https://www.mountainhome.va.gov/locations/Morristown.asp
vha_621GI,https://www.mountainhome.va.gov/locations/Sevierville.asp
vha_621GJ,https://www.mountainhome.va.gov/locations/Bristol.asp
vha_621GK,https://www.mountainhome.va.gov/locations/LaFollette_Campbell.asp
vha_621QA,https://www.mountainhome.va.gov/locations/Jonesville.asp
vha_621QB,https://www.mountainhome.va.gov/locations/Marion.asp
vha_621QC,https://www.mountainhome.va.gov/locations/Vansant.asp
vha_623,https://www.muskogee.va.gov/locations/directions.asp
vha_623BY,https://www.muskogee.va.gov/locations/Tulsa.asp
vha_623GA,https://www.muskogee.va.gov/locations/McAlester_VA_Outpatient_Clinic.asp
vha_623GB,https://www.muskogee.va.gov/locations/Vinita.asp
vha_623GC,https://www.muskogee.va.gov/locations/McCurtain_County_Community_Based_Outpatient_Clinic.asp
vha_623QA,https://www.muskogee.va.gov/locations/Jack_C_Montgomery_East.asp
vha_623QB,https://www.muskogee.va.gov/locations/Tulsa_VA_Behavioral_Medicine_Clinic.asp
vha_623QC,https://www.muskogee.va.gov/locations/Tulsa_VA_Dental_Clinic.asp
vha_626,https://www.tennesseevalley.va.gov/locations/directions.asp
vha_626A4,https://www.tennesseevalley.va.gov/locations/Alvin_C_York.asp
vha_626GA,https://www.tennesseevalley.va.gov/locations/Dover_Stewart.asp
vha_626GC,https://www.tennesseevalley.va.gov/locations/Bowling_Green.asp
vha_626GE,https://www.tennesseevalley.va.gov/locations/Clarksville.asp
vha_626GF,https://www.tennesseevalley.va.gov/locations/Chattanooga.asp
vha_626GG,https://www.tennesseevalley.va.gov/locations/Tullahoma.asp
vha_626GH,https://www.tennesseevalley.va.gov/locations/Cookeville.asp
vha_626GJ,https://www.tennesseevalley.va.gov/locations/Hopkinsville.asp
vha_626GK,https://www.tennesseevalley.va.gov/locations/McMinnville.asp
vha_626GL,https://www.tennesseevalley.va.gov/locations/Harriman_Community_Based_Outpatient_Clinic.asp
vha_626GM,https://www.tennesseevalley.va.gov/locations/Maury_County.asp
vha_626GN,https://www.tennesseevalley.va.gov/locations/Athens_Outreach_Clinic.asp
vha_626GO,https://www.tennesseevalley.va.gov/locations/International_Plaza_CBOC.asp
vha_626GP,https://www.tennesseevalley.va.gov/locations/Gallatin_VA_Clinic.asp
vha_626QA,https://www.tennesseevalley.va.gov/locations/Meharry.asp
vha_626QB,https://www.tennesseevalley.va.gov/locations/Charlotte_Avenue.asp
vha_626QC,https://www.tennesseevalley.va.gov/locations/Pointe_Centre_Outpatient_Clinic.asp
vha_626QF,https://www.tennesseevalley.va.gov/locations/Dalton_Drive.asp
vha_629,https://www.neworleans.va.gov/locations/directions.asp
vha_629BY,https://www.neworleans.va.gov/locations/baton_rouge.asp
vha_629GA,https://www.neworleans.va.gov/locations/houma.asp
vha_629GB,https://www.neworleans.va.gov/locations/hammond.asp
vha_629GC,https://www.neworleans.va.gov/locations/slidell.asp
vha_629GD,https://www.neworleans.va.gov/locations/StJohn_Clinic.asp
vha_629GE,https://www.neworleans.va.gov/locations/franklin.asp
vha_629GF,https://www.neworleans.va.gov/locations/bogalusa.asp
vha_630,https://www.nyharbor.va.gov/locations/directions.asp
vha_630A4,https://www.nyharbor.va.gov/locations/Brooklyn_Campus.asp
vha_630A5,https://www.nyharbor.va.gov/locations/St_Albans_Community_Living_Center.asp
vha_630GA,https://www.nyharbor.va.gov/locations/Harlem_Community_Clinic.asp
vha_630GB,https://www.nyharbor.va.gov/locations/Staten_Island_Community_Based_Outpatient_Clinic.asp
vha_631,https://www.centralwesternmass.va.gov/locations/directions.asp
vha_631BY,https://www.centralwesternmass.va.gov/locations/springfield.asp
vha_631GC,https://www.centralwesternmass.va.gov/locations/pittsfield.asp
vha_631GD,https://www.centralwesternmass.va.gov/locations/greenfield.asp
vha_631GE,https://www.centralwesternmass.va.gov/locations/worcester.asp
vha_631GF,https://www.centralwesternmass.va.gov/locations/fitchburg.asp
vha_632,https://www.northport.va.gov/locations/directions.asp
vha_632GA,https://www.northport.va.gov/locations/East_Meadow_Clinic.asp
vha_632HA,https://www.northport.va.gov/locations/Valley_Stream_Clinic.asp
vha_632HB,https://www.northport.va.gov/locations/Riverhead_Clinic.asp
vha_632HC,https://www.northport.va.gov/locations/Bay_Shore_Clinic.asp
vha_632HD,https://www.northport.va.gov/locations/Patchogue_Community_Clinic.asp
vha_635,https://www.oklahoma.va.gov/locations/directions.asp
vha_635GA,https://www.oklahoma.va.gov/locations/Lawton_Ft_Sill_OK.asp
vha_635GB,https://www.oklahoma.va.gov/locations/Wichita_Falls_TX.asp
vha_635GC,https://www.oklahoma.va.gov/locations/Blackwell_OK.asp
vha_635GD,https://www.oklahoma.va.gov/locations/Ada_OK.asp
vha_635GE,https://www.oklahoma.va.gov/locations/Stillwater_CBOC.asp
vha_635GF,https://www.oklahoma.va.gov/locations/Altus_OK.asp
vha_635GG,https://www.oklahoma.va.gov/locations/Enid_VA_Clinic.asp
vha_635GH,https://www.oklahoma.va.gov/locations/Clinton_VA_Clinic.asp
vha_635HB,https://www.oklahoma.va.gov/locations/Ardmore_OK.asp
vha_635QA,https://www.oklahoma.va.gov/locations/North_May_OK_CBOC.asp
vha_635QB,https://www.oklahoma.va.gov/locations/South_Oklahoma_City_VA_Clinic.asp
vha_635QC,https://www.oklahoma.va.gov/locations/14th_Street_VA_Clinic_Veterans_Resource_Center.asp
vha_635QE,https://www.oklahoma.va.gov/locations/Tinker_VA_Clinic.asp
vha_636,https://www.nebraska.va.gov/locations/Directions.asp
vha_636A4,https://www.nebraska.va.gov/locations/Grand_Island.asp
vha_636A5,https://www.nebraska.va.gov/locations/Lincoln_CBOC.asp
vha_636A6,https://www.centraliowa.va.gov/locations/directions.asp
vha_636A8,https://www.iowacity.va.gov/locations/directions.asp
vha_636GA,https://www.nebraska.va.gov/locations/Norfolk.asp
vha_636GB,https://www.nebraska.va.gov/locations/North_Platte.asp
vha_636GC,https://www.centraliowa.va.gov/locations/CBOC_MasonCity_IA.asp
vha_636GD,https://www.centraliowa.va.gov/locations/CBOC_Marshalltown_IA.asp
vha_636GF,https://www.iowacity.va.gov/locations/CBOC_Quad_Cities_IA.asp
vha_636GG,https://www.iowacity.va.gov/locations/CBOC_Quincy_IL.asp
vha_636GH,https://www.iowacity.va.gov/locations/CBOC_Waterloo_IA.asp
vha_636GI,https://www.iowacity.va.gov/locations/CBOC_Galesburg_IL.asp
vha_636GJ,https://www.iowacity.va.gov/locations/CBOC_Dubuque_IA.asp
vha_636GK,https://www.centraliowa.va.gov/locations/CBOC_FortDodge_IA.asp
vha_636GL,https://www.nebraska.va.gov/locations/Bellevue.asp
vha_636GM,https://www.centraliowa.va.gov/locations/CBOC_Carroll_IA.asp
vha_636GN,https://www.iowacity.va.gov/locations/CBOC_Cedar_Rapids_IA.asp
vha_636GP,https://www.nebraska.va.gov/locations/Shenandoah.asp
vha_636GQ,https://www.nebraska.va.gov/locations/Holdrege.asp
vha_636GR,https://www.centraliowa.va.gov/locations/CBOC_Knoxville_IA.asp
vha_636GS,https://www.iowacity.va.gov/locations/CBOC_Ottumwa_IA.asp
vha_636GT,https://www.iowacity.va.gov/locations/CBOC_Sterling_IL.asp
vha_636GU,https://www.iowacity.va.gov/locations/CBOC_Decorah_IA.asp
vha_636GW,https://www.iowacity.va.gov/locations/CBOC_Coralville_IA.asp
vha_636GX,https://www.centraliowa.va.gov/locations/CBOC_FortDodge_Mental_Health_Clinic_IA.asp
vha_636QH,https://www.centraliowa.va.gov/locations/Copy_of_Des_Moines_VA_Mobile_Medical_Unit.asp
vha_637,https://www.asheville.va.gov/locations/directions.asp
vha_637GA,https://www.asheville.va.gov/locations/franklin.asp
vha_637GB,https://www.asheville.va.gov/locations/rutherford.asp
vha_637GC,https://www.asheville.va.gov/locations/Hickory_Community_Based_Outpatient_Clinic.asp
vha_640,https://www.paloalto.va.gov/locations/directions.asp
vha_640A0,https://www.paloalto.va.gov/locations/menlopark.asp
vha_640A4,https://www.paloalto.va.gov/locations/livermore.asp
vha_640BY,https://www.paloalto.va.gov/locations/sanjose.asp
vha_640GA,https://www.paloalto.va.gov/locations/capitola.asp
vha_640GB,https://www.paloalto.va.gov/locations/sonora.asp
vha_640GC,https://www.paloalto.va.gov/locations/fremont.asp
vha_640HA,https://www.paloalto.va.gov/locations/stockton.asp
vha_640HB,https://www.paloalto.va.gov/locations/modesto.asp
vha_640HC,https://www.paloalto.va.gov/locations/monterey.asp
vha_642,https://www.philadelphia.va.gov/locations/directions.asp
vha_642GA,https://www.philadelphia.va.gov/locations/Burlington_County_VA_Clinic.asp
vha_642GC,https://www.philadelphia.va.gov/locations/Victor_J_Saracini_Community_Based_Outpatient_Clinic_CBOC.asp
vha_642GD,https://www.philadelphia.va.gov/locations/Gloucester_County_NJ_Community_Based_Outpatient_Clinic_CBOC.asp
vha_642GF,https://www.philadelphia.va.gov/locations/Camden_NJ_Community_Based_Outpatient_Clinic_CBOC.asp
vha_642GH,https://www.philadelphia.va.gov/locations/West_Philadelphia.asp
vha_644,https://www.phoenix.va.gov/locations/directions.asp
vha_644BY,https://www.phoenix.va.gov/locations/Southeast.asp
vha_644GA,https://www.phoenix.va.gov/locations/Northwest.asp
vha_644GB,https://www.phoenix.va.gov/locations/ShowLow.asp
vha_644GC,https://www.phoenix.va.gov/locations/Southwest_Community_Based_Outpatient_Clinic.asp
vha_644GD,https://www.phoenix.va.gov/locations/Payson.asp
vha_644GE,https://www.phoenix.va.gov/locations/Thunderbird.asp
vha_644GF,https://www.phoenix.va.gov/locations/Globe.asp
vha_644GG,https://www.phoenix.va.gov/locations/Northeast.asp
vha_644GH,https://www.phoenix.va.gov/locations/Midtown_VA_Clinic.asp
vha_646,https://www.va.gov/pittsburgh-health-care/locations/pittsburgh-va-medical-center-university-drive/
vha_646A4,https://www.va.gov/pittsburgh-health-care/locations/h-john-heinz-iii-department-of-veterans-affairs-medical-center/
vha_646GA,https://www.va.gov/pittsburgh-health-care/locations/belmont-county-va-clinic/
vha_646GB,https://www.va.gov/pittsburgh-health-care/locations/westmoreland-county-va-clinic
vha_646GC,https://www.va.gov/pittsburgh-health-care/locations/beaver-county-va-clinic/
vha_646GD,https://www.va.gov/pittsburgh-health-care/locations/washington-county-va-clinic
vha_646GE,https://www.va.gov/pittsburgh-health-care/locations/fayette-county-va-clinic
vha_648,https://www.portland.va.gov/locations/directions.asp
vha_6483,https://www.indianapolis.va.gov/locations/Patient_Response_Center.asp
vha_648A4,https://www.portland.va.gov/locations/vancouver.asp
vha_648GA,https://www.portland.va.gov/locations/bend.asp
vha_648GB,https://www.portland.va.gov/locations/salem.asp
vha_648GD,https://www.portland.va.gov/locations/NorthCoast.asp
vha_648GE,https://www.portland.va.gov/locations/Fairview_Clinic.asp
vha_648GF,https://www.portland.va.gov/locations/hillsboro.asp
vha_648GG,https://www.portland.va.gov/locations/WestLinn.asp
vha_648GH,https://www.portland.va.gov/locations/newport.asp
vha_648GH01,https://www.portland.va.gov/locations/Lincoln_City_Clinic.asp
vha_648GI,https://www.portland.va.gov/locations/crrc.asp
vha_648GJ,https://www.portland.va.gov/locations/TheDalles.asp
vha_648GK,https://www.portland.va.gov/locations/Lincoln_City_Clinic.asp
vha_649,https://www.prescott.va.gov/locations/directions.asp
vha_649GA,https://www.prescott.va.gov/locations/Kingman_CBOC.asp
vha_649GB,https://www.prescott.va.gov/locations/Flagstaff_CBOC.asp
vha_649GC,https://www.prescott.va.gov/locations/Lake_Havasu_CBOC.asp
vha_649GD,https://www.prescott.va.gov/locations/Anthem_CBOC.asp
vha_649GE,https://www.prescott.va.gov/locations/Cottonwood_CBOC.asp
vha_649QA,https://www.prescott.va.gov/locations/Chinle_CBOC.asp
vha_649QB,https://www.prescott.va.gov/locations/Holbrook_PTOC.asp
vha_649QD,https://www.prescott.va.gov/locations/Page_PTOC.asp
vha_649QF,https://www.prescott.va.gov/locations/Tuba_City_PTOC.asp
vha_649QG,https://www.prescott.va.gov/locations/Polacca_PTOC.asp
vha_649QH,https://www.prescott.va.gov/locations/Kayenta.asp
vha_650,https://www.providence.va.gov/locations/directions.asp
vha_650GA,https://www.providence.va.gov/locations/New_Bedford_Community_Based_Outpatient_Clinic_CBOC.asp
vha_650GB,https://www.providence.va.gov/locations/Hyannis_Community_Based_Outpatient_Clinic_CBOC.asp
vha_650GD,https://www.providence.va.gov/locations/Middletown_Community_Based_Outpatient_Clinic_CBOC.asp
vha_652,https://www.richmond.va.gov/locations/directions.asp
vha_652GA,https://www.richmond.va.gov/locations/Fredericksburg.asp
vha_652GB,https://www.richmond.va.gov/locations/Fredericksburg_Southpoint.asp
vha_652GE,https://www.richmond.va.gov/locations/Charlottesville.asp
vha_652GF,https://www.richmond.va.gov/locations/Emporia.asp
vha_653,https://www.roseburg.va.gov/locations/directions.asp
vha_653BY,https://www.roseburg.va.gov/locations/eugene.asp
vha_653GA,https://www.roseburg.va.gov/locations/NorthBend.asp
vha_653GB,https://www.roseburg.va.gov/locations/brookings.asp
vha_653QA,https://www.roseburg.va.gov/locations/eugene_downtown.asp
vha_654,https://www.reno.va.gov/locations/directions.asp
vha_654GB,https://www.reno.va.gov/locations/VA_Carson_Valley_Outpatient_Clinic.asp
vha_654GC,https://www.reno.va.gov/locations/VA_Lahontan_Valley_Outpatient_Clinic.asp
vha_654GD,https://www.reno.va.gov/locations/VA_Diamond_View_Outpatient_Clinic.asp
vha_654GF,https://www.reno.va.gov/locations/North_Campus.asp
vha_655,https://www.saginaw.va.gov/locations/directions.asp
vha_655GA,https://www.saginaw.va.gov/locations/gaylord.asp
vha_655GB,https://www.saginaw.va.gov/locations/TraverseCity.asp
vha_655GC,https://www.saginaw.va.gov/locations/oscoda.asp
vha_655GD,https://www.saginaw.va.gov/locations/alpena.asp
vha_655GE,https://www.saginaw.va.gov/locations/clare.asp
vha_655GF,https://www.saginaw.va.gov/locations/BadAxe.asp
vha_655GG,https://www.saginaw.va.gov/locations/cadillac.asp
vha_655GH,https://www.saginaw.va.gov/locations/cheboygan.asp
vha_655GI,https://www.saginaw.va.gov/locations/grayling.asp
vha_655QA,https://www.saginaw.va.gov/locations/saginaw.asp
vha_656,https://www.stcloud.va.gov/locations/directions.asp
vha_656GA,https://www.stcloud.va.gov/locations/brainerd.asp
vha_656GB,https://www.stcloud.va.gov/locations/montevideo.asp
vha_656GC,https://www.stcloud.va.gov/locations/alexandria.asp
vha_657,https://www.stlouis.va.gov/locations/directions.asp
vha_657A0,https://www.stlouis.va.gov/locations/Jefferson_Barracks_Division.asp
vha_657A4,https://www.poplarbluff.va.gov/locations/directions.asp
vha_657A5,https://www.marion.va.gov/locations/directions.asp
vha_657GA,https://www.stlouis.va.gov/locations/StClairCountyClinic.asp
vha_657GB,https://www.stlouis.va.gov/locations/St_Louis_CBOC.asp
vha_657GD,https://www.stlouis.va.gov/locations/St_Charles_CBOC.asp
vha_657GF,https://www.poplarbluff.va.gov/locations/WestPlains.asp
vha_657GG,https://www.poplarbluff.va.gov/locations/paragould.asp
vha_657GH,https://www.poplarbluff.va.gov/locations/CapeGirardeau.asp
vha_657GI,https://www.poplarbluff.va.gov/locations/farmington.asp
vha_657GJ,https://www.marion.va.gov/locations/evansville.asp
vha_657GK,https://www.marion.va.gov/locations/mt_vernon.asp
vha_657GL,https://www.marion.va.gov/locations/paducah.asp
vha_657GM,https://www.marion.va.gov/locations/effingham.asp
vha_657GN,https://www.poplarbluff.va.gov/locations/Salem_MO_Community_Based_Outpatient_Clinic.asp
vha_657GO,https://www.marion.va.gov/locations/hanson.asp
vha_657GP,https://www.marion.va.gov/locations/owensboro.asp
vha_657GQ,https://www.marion.va.gov/locations/vincennes.asp
vha_657GR,https://www.marion.va.gov/locations/mayfield.asp
vha_657GS,https://www.stlouis.va.gov/locations/Washington_MO_CBOC.asp
vha_657GT,https://www.marion.va.gov/locations/carbondale.asp
vha_657GU,https://www.marion.va.gov/locations/harrisburg.asp
vha_657GV,https://www.poplarbluff.va.gov/locations/sikeston.asp
vha_657GW,https://www.poplarbluff.va.gov/locations/Pocahontas_CBOC.asp
vha_657GX,https://www.stlouis.va.gov/locations/Primary_Care_Team_2_Washington_Avenue_Annex.asp
vha_657GY,https://www.stlouis.va.gov/locations/Primary_Care_Team_1_Manchester_Avenue_Annex.asp
vha_658,https://www.salem.va.gov/locations/directions.asp
vha_658GA,https://www.salem.va.gov/locations/Tazewell.asp
vha_658GB,https://www.salem.va.gov/locations/Danville.asp
vha_658GC,https://www.salem.va.gov/locations/Lynchburg.asp
vha_658GD,https://www.salem.va.gov/locations/Staunton.asp
vha_658GE,https://www.salem.va.gov/locations/Wytheville.asp
vha_659,https://www.salisbury.va.gov/locations/directions.asp
vha_659BY,https://www.salisbury.va.gov/locations/Kernersville.asp
vha_659BZ,https://www.salisbury.va.gov/locations/CharlotteHCC.asp
vha_659GA,https://www.salisbury.va.gov/locations/CharlotteCBOC.asp
vha_660,https://www.saltlakecity.va.gov/locations/directions.asp
vha_660GA,https://www.saltlakecity.va.gov/locations/pocatello_cboc.asp
vha_660GB,https://www.saltlakecity.va.gov/locations/Ogden_CBOC.asp
vha_660GD,https://www.saltlakecity.va.gov/locations/roosevelt_cboc.asp
vha_660GE,https://www.saltlakecity.va.gov/locations/orem_cboc.asp
vha_660GG,https://www.saltlakecity.va.gov/locations/st_george_cboc.asp
vha_660GJ,https://www.saltlakecity.va.gov/locations/western_sl_cboc.asp
vha_660GK,https://www.saltlakecity.va.gov/locations/elko_cboc.asp
vha_660QA,https://www.saltlakecity.va.gov/locations/idaho_falls_cboc.asp
vha_660QB,https://www.saltlakecity.va.gov/locations/price_cboc.asp
vha_660QC,https://www.saltlakecity.va.gov/locations/Weber_County_VA_Community_Clinic.asp
vha_662,https://www.sanfrancisco.va.gov/locations/directions.asp
vha_662GA,https://www.sanfrancisco.va.gov/locations/santarosa.asp
vha_662GC,https://www.sanfrancisco.va.gov/locations/Eureka.asp
vha_662GD,https://www.sanfrancisco.va.gov/locations/ukiah.asp
vha_662GE,https://www.sanfrancisco.va.gov/locations/sanbruno.asp
vha_662GF,https://www.sanfrancisco.va.gov/locations/downtownclinic.asp
vha_662GG,https://www.sanfrancisco.va.gov/locations/clearlake.asp
vha_663,https://www.pugetsound.va.gov/locations/directions.asp
vha_663A4,https://www.pugetsound.va.gov/locations/directions-AmericanLake.asp
vha_663GA,https://www.pugetsound.va.gov/locations/bellevue.asp
vha_663GB,https://www.pugetsound.va.gov/locations/silverdale.asp
vha_663GC,https://www.pugetsound.va.gov/locations/MountVernon.asp
vha_663GD,https://www.pugetsound.va.gov/locations/SouthSound.asp
vha_663GE,https://www.pugetsound.va.gov/locations/PortAngeles.asp
vha_663GF,https://www.pugetsound.va.gov/locations/FederalWay.asp
vha_663GG,https://www.pugetsound.va.gov/locations/NorthSeattle.asp
vha_663HK,https://www.pugetsound.va.gov/locations/Mobile_Medical_Unit.asp
vha_664,https://www.sandiego.va.gov/locations/directions.asp
vha_664BV,https://www.sandiego.va.gov/locations/Aspire_Center.asp
vha_664BY,https://www.sandiego.va.gov/locations/missionvalley.asp
vha_664GA,https://www.sandiego.va.gov/locations/imperialvalley.asp
vha_664GB,https://www.sandiego.va.gov/locations/oceanside.asp
vha_664GC,https://www.sandiego.va.gov/locations/chulavista.asp
vha_664GD,https://www.sandiego.va.gov/locations/escondido.asp
vha_664QA,https://www.sandiego.va.gov/locations/rio.asp
vha_666,https://www.sheridan.va.gov/locations/directions.asp
vha_666GB,https://www.sheridan.va.gov/locations/Casper.asp
vha_666GC,https://www.sheridan.va.gov/locations/Riverton.asp
vha_666GD,https://www.sheridan.va.gov/locations/Cody.asp
vha_666GE,https://www.sheridan.va.gov/locations/Gillette.asp
vha_666GF,https://www.sheridan.va.gov/locations/RockSprings.asp
vha_666QA,https://www.sheridan.va.gov/locations/afton.asp
vha_666QB,https://www.sheridan.va.gov/locations/Evanston.asp
vha_666QC,https://www.sheridan.va.gov/locations/Worland.asp
vha_667,https://www.shreveport.va.gov/locations/directions.asp
vha_667GA,https://www.shreveport.va.gov/locations/Texarkana_AR_CBOC.asp
vha_667GB,https://www.shreveport.va.gov/locations/Monroe_La_Clinic.asp
vha_667GC,https://www.shreveport.va.gov/locations/Longview_Clinic.asp
vha_667QA,https://www.shreveport.va.gov/locations/Knight_Street_Clinic.asp
vha_668,https://www.spokane.va.gov/locations/directions.asp
vha_668GA,https://www.spokane.va.gov/locations/wenatchee.asp
vha_668GB,https://www.spokane.va.gov/locations/CoeurDAlene.asp
vha_668QB,https://www.spokane.va.gov/locations/libby.asp
vha_668QD,https://www.spokane.va.gov/locations/Sandpoint.asp
vha_671,https://www.southtexas.va.gov/locations/directions.asp
vha_671BY,https://www.southtexas.va.gov/locations/FTOPC.asp
vha_671GB,https://www.southtexas.va.gov/locations/Victoria_Outpatient_Clinic.asp
vha_671GF,https://www.southtexas.va.gov/locations/SBOPC.asp
vha_671GH,https://www.southtexas.va.gov/locations/BeevilleCBOC.asp
vha_671GK,https://www.southtexas.va.gov/locations/NW410SanAntonioCBOC.asp
vha_671GK01,https://www.southtexas.va.gov/locations/NE410SanAntonioCBOC.asp
vha_671GK02,https://www.southtexas.va.gov/locations/SW_Military_CBOC.asp
vha_671GK03,https://www.southtexas.va.gov/locations/Pecan_Valley_CBOC.asp
vha_671GL,https://www.southtexas.va.gov/locations/NewBraunfelsCBOC.asp
vha_671GN,https://www.southtexas.va.gov/locations/Seguin_CBOC.asp
vha_671GO,https://www.southtexas.va.gov/locations/NCFC.asp
vha_671GP,https://www.southtexas.va.gov/locations/BalconesHeightsOPC.asp
vha_671GQ,https://www.southtexas.va.gov/locations/Shavano_Park_Outpatient_Clinic.asp
vha_671QB,https://www.southtexas.va.gov/locations/Dental.asp
vha_672,https://www.caribbean.va.gov/locations/directions.asp
vha_672B0,https://www.caribbean.va.gov/locations/VA_Eur_pides_Rubio_Clinic_Ponce.asp
vha_672BZ,https://www.caribbean.va.gov/locations/Mayaguez.asp
vha_672GA,https://www.caribbean.va.gov/locations/St_Croix.asp
vha_672GB,https://www.caribbean.va.gov/locations/St_Thomas.asp
vha_672GC,https://www.caribbean.va.gov/locations/Arecibo.asp
vha_672GD,https://www.caribbean.va.gov/locations/Ceiba_VA_Clinic.asp
vha_672GE,https://www.caribbean.va.gov/locations/Guayama.asp
vha_672QA,https://www.caribbean.va.gov/locations/Comerio.asp
vha_672QB,https://www.caribbean.va.gov/locations/Utuado.asp
vha_672QC,https://www.caribbean.va.gov/locations/Vieques.asp
vha_673,https://www.tampa.va.gov/locations/directions.asp
vha_673BV,https://www.tampa.va.gov/locations/Tampa_VA_Domiciliary.asp
vha_673BZ,https://www.tampa.va.gov/locations/New_Port_Richey_OPC.asp
vha_673GB,https://www.tampa.va.gov/locations/Lakeland_CBOC.asp
vha_673GC,https://www.tampa.va.gov/locations/Brooksville_CBOC.asp
vha_673GF,https://www.tampa.va.gov/locations/Zephyrhills_CBOC.asp
vha_673GG,https://www.tampa.va.gov/locations/SoHi_Clinic.asp
vha_673GH,https://www.tampa.va.gov/locations/Lecanto_Clinic.asp
vha_673QJ,https://www.tampa.va.gov/locations/Primary_Care_Annex.asp
vha_674,https://www.centraltexas.va.gov/locations/directions.asp
vha_674A4,https://www.centraltexas.va.gov/locations/Waco.asp
vha_674BY,https://www.centraltexas.va.gov/locations/Austin.asp
vha_674GA,https://www.centraltexas.va.gov/locations/Palestine.asp
vha_674GB,https://www.centraltexas.va.gov/locations/Brownwood.asp
vha_674GC,https://www.centraltexas.va.gov/locations/Bryan-CollegeStation.asp
vha_674GD,https://www.centraltexas.va.gov/locations/CedarPark.asp
vha_674GF,https://www.centraltexas.va.gov/locations/TemplePACT.asp
vha_674HB,https://www.centraltexas.va.gov/locations/LaGrange.asp
vha_675,https://www.orlando.va.gov/locations/directions.asp
vha_675GA,https://www.orlando.va.gov/locations/Viera.asp
vha_675GB,https://www.orlando.va.gov/locations/Daytona.asp
vha_675GC,https://www.orlando.va.gov/locations/Kissimmee.asp
vha_675GD,https://www.orlando.va.gov/locations/Deltona.asp
vha_675GE,https://www.orlando.va.gov/locations/Leesburg.asp
vha_675GF,https://www.orlando.va.gov/locations/Clermont.asp
vha_675GG,https://www.orlando.va.gov/locations/LakeBaldwin.asp
vha_675QD,https://www.orlando.va.gov/locations/Crossroads.asp
vha_676,https://www.tomah.va.gov/locations/directions.asp
vha_676GA,https://www.tomah.va.gov/locations/Wausau.asp
vha_676GC,https://www.tomah.va.gov/locations/LaCrosse.asp
vha_676GD,https://www.tomah.va.gov/locations/WisconsinRapids.asp
vha_676GE,https://www.tomah.va.gov/locations/ClarkCounty.asp
vha_678,https://www.tucson.va.gov/locations/directions.asp
vha_678GA,https://www.tucson.va.gov/locations/SierraVista.asp
vha_678GB,https://www.tucson.va.gov/locations/Yuma.asp
vha_678GC,https://www.tucson.va.gov/locations/CasaGrande.asp
vha_678GD,https://www.tucson.va.gov/locations/Safford.asp
vha_678GE,https://www.tucson.va.gov/locations/GreenValley.asp
vha_678GF,https://www.tucson.va.gov/locations/Northwest.asp
vha_678GG,https://www.tucson.va.gov/locations/Southeast.asp
vha_678QA,https://www.tucson.va.gov/locations/SVRHCCC.asp
vha_678QB,https://www.tucson.va.gov/locations/CG_RHCCC.asp
vha_679,https://www.tuscaloosa.va.gov/locations/directions.asp
vha_679GA,https://www.tuscaloosa.va.gov/locations/Selma.asp
vha_687,https://www.wallawalla.va.gov/locations/directions.asp
vha_687GA,https://www.wallawalla.va.gov/locations/Richland.asp
vha_687GB,https://www.wallawalla.va.gov/locations/Lewiston.asp
vha_687GC,https://www.wallawalla.va.gov/locations/LaGrande.asp
vha_687HA,https://www.wallawalla.va.gov/locations/Yakima.asp
vha_687QB,https://www.wallawalla.va.gov/locations/MorrowCounty.asp
vha_687QC,https://www.wallawalla.va.gov/locations/WallowaCounty.asp
vha_688,https://www.washingtondc.va.gov/locations/directions.asp
vha_688GA,https://www.washingtondc.va.gov/locations/VA_Ft_Belvoir_Community_Clinic.asp
vha_688GB,https://www.washingtondc.va.gov/locations/Southeast_Washington_DC.asp
vha_688GD,https://www.washingtondc.va.gov/locations/Charlotte_Hall_MD.asp
vha_688GE,https://www.washingtondc.va.gov/locations/Southern_Prince_George_s_County_Community_Based_Outpatient_Clinic.asp
vha_688GF,https://www.washingtondc.va.gov/locations/Montgomery_County_Community_Based_Outpatient_Clinic.asp
vha_688GG,https://www.washingtondc.va.gov/locations/Lexington_Park_VA_Community_Based_Outpatient_Clinic.asp
vha_688QA,https://www.washingtondc.va.gov/locations/Community_Resource_and_Referral_Center_CRRC.asp
vha_689,https://www.connecticut.va.gov/locations/directions.asp
vha_689A4,https://www.connecticut.va.gov/locations/Newington_Campus.asp
vha_689GA,https://www.connecticut.va.gov/locations/Waterbury_Outpatient_Clinic.asp
vha_689GB,https://www.connecticut.va.gov/locations/Stamford_Outpatient_Clinic.asp
vha_689GC,https://www.connecticut.va.gov/locations/Willimantic_Outpatient_Clinic.asp
vha_689GD,https://www.connecticut.va.gov/locations/Winsted_Outpatient_Clinic.asp
vha_689GE,https://www.connecticut.va.gov/locations/Danbury_Community_Based_Outpatient_Clinic.asp
vha_689HC,https://www.connecticut.va.gov/locations/John_J_McGuirk_Outpatient_Clinic_New_London.asp
vha_689QA,https://www.connecticut.va.gov/locations/Errera_Community_Care_Center.asp
vha_691,https://www.losangeles.va.gov/locations/directions.asp
vha_691A4,https://www.losangeles.va.gov/locations/directions-SACC.asp
vha_691GB,https://www.losangeles.va.gov/locations/directions-SB.asp
vha_691GC,https://www.losangeles.va.gov/locations/directions-GAR.asp
vha_691GD,https://www.losangeles.va.gov/locations/directions-BAK.asp
vha_691GE,https://www.losangeles.va.gov/locations/directions-LAACC.asp
vha_691GF,https://www.losangeles.va.gov/locations/directions-ELA.asp
vha_691GG,https://www.losangeles.va.gov/locations/directions-LAN.asp
vha_691GK,https://www.losangeles.va.gov/locations/directions-SLO.asp
vha_691GL,https://www.losangeles.va.gov/locations/directions-SM.asp
vha_691GM,https://www.losangeles.va.gov/locations/directions-OX.asp
vha_691GP,https://www.losangeles.va.gov/locations/directions-SGVCBOC.asp
vha_692,https://www.southernoregon.va.gov/locations/directions.asp
vha_692GA,https://www.southernoregon.va.gov/locations/KlamathFalls.asp
vha_692GB,https://www.southernoregon.va.gov/locations/GrantsPass.asp
vha_693,https://www.wilkes-barre.va.gov/locations/directions.asp
vha_693B4,https://www.wilkes-barre.va.gov/locations/Allentown.asp
vha_693GA,https://www.wilkes-barre.va.gov/locations/Sayre.asp
vha_693GB,https://www.wilkes-barre.va.gov/locations/Williamsport.asp
vha_693GC,https://www.wilkes-barre.va.gov/locations/Tobyhanna.asp
vha_693GF,https://www.wilkes-barre.va.gov/locations/Berwick.asp
vha_693GG,https://www.wilkes-barre.va.gov/locations/Bangor.asp
vha_693QA,https://www.wilkes-barre.va.gov/locations/Honesdale_Wayne_County.asp
vha_695,https://www.milwaukee.va.gov/locations/directions.asp
vha_695BY,https://www.milwaukee.va.gov/locations/Appleton.asp
vha_695GA,https://www.milwaukee.va.gov/locations/Union_Grove.asp
vha_695GC,https://www.milwaukee.va.gov/locations/Cleveland.asp
vha_695GD,https://www.milwaukee.va.gov/locations/Green_Bay.asp
vha_740,https://www.texasvalley.va.gov/locations/directions.asp
vha_740GA,https://www.texasvalley.va.gov/locations/Harlingen_OPC.asp
vha_740GB,https://www.texasvalley.va.gov/locations/McAllen_OPC.asp
vha_740GC,https://www.texasvalley.va.gov/locations/Corpus_OPC.asp
vha_740GD,https://www.texasvalley.va.gov/locations/Laredo_OPC.asp
vha_740GH,https://www.texasvalley.va.gov/locations/Corpus_Specialty_Clinic.asp
vha_740GI,https://www.texasvalley.va.gov/locations/Corpus_PACT.asp
vha_756,https://www.elpaso.va.gov/locations/directions.asp
vha_756GA,https://www.elpaso.va.gov/locations/LasCruces.asp
vha_756GB,https://www.elpaso.va.gov/locations/Eastside.asp
vha_757,https://www.columbus.va.gov/locations/directions.asp
vha_757GA,https://www.columbus.va.gov/locations/Zanesville.asp
vha_757GB,https://www.columbus.va.gov/locations/Grove_City.asp
vha_757GC,https://www.columbus.va.gov/locations/Marion.asp
vha_757GD,https://www.columbus.va.gov/locations/Newark.asp
